subject,body,sender,num_links,label
Upcoming maintenance window notice,"Hi Sam, this is a friendly reminder to submit your timesheet for this week by end of day Friday so payroll can be processed on time. More info at https://teamworkspace.com/details",billing@teamworkspace.com,1,legitimate
Invoice for your recent purchase,"Hi team, just a reminder that we have our project sync meeting on the 3rd at 10 AM in the main conference room. Please bring your status updates. More info at https://notifications.service.com/details",jordan.lee@notifications.service.com,1,legitimate
Confirm your identity to avoid suspension,Your password will expire in 48 hours. Click here to reset it now: http://bank-alert-service.info/reset-password and avoid losing access to your account.,it.helpdesk@bank-alert-service.info,1,phishing
Your package could not be delivered,"Dear Chris, our system detected a login attempt from an unrecognized device on August 21. If this wasn't you, secure your account now at http://secure-login-update.com/secure-login.",no-reply@secure-login-update.com,1,phishing
Meeting reminder for tomorrow,"Hi Jordan, thanks for your order. Your receipt total was $1,852.21. Reach out anytime with questions. More info at https://notifications.service.com/details",jordan.lee@notifications.service.com,1,legitimate
Reminder: Submit your timesheet,"Good morning team, here are the notes from this week's standup on this Friday. Please review the action items and update your tickets accordingly.",billing@ourplatform.io,0,legitimate
Immediate action needed: Password expired,"We were unable to process your last payment of $1,576.49. Please update your billing details urgently at http://prize-claim-center.xyz/billing-update to avoid service interruption.",support.team@prize-claim-center.xyz,1,phishing
Project update: Q3 milestones,"Hi Chris, this is a friendly reminder to submit your timesheet for this week by end of day Friday so payroll can be processed on time.",support@teamworkspace.com,0,legitimate
Action Required: Verify your account now,Your parcel (tracking #65069) delivery failed due to an incomplete address. Confirm your details within 48 hours at http://login-secure-check.icu/delivery-confirm to reschedule delivery.,no-reply@login-secure-check.icu,1,phishing
Confirm your identity to avoid suspension,"Dear Customer, we detected unusual activity on your account. Click the link below within 48 hours to verify your identity or your account will be suspended. http://billing-update-portal.co/verify-account?ref=21507",it.helpdesk@billing-update-portal.co,1,phishing
Immediate action needed: Password expired,Congratulations! You have been selected to receive a $785.97 gift card. Claim your prize now by clicking here: http://prize-claim-center.xyz/claim-prize before it expires on request #19539.,it.helpdesk@prize-claim-center.xyz,1,phishing
Your receipt from notifications.service.com,"Hi Chris, thanks for your order. Your receipt total was $1,980.85. Reach out anytime with questions.",billing@notifications.service.com,0,legitimate
Meeting reminder for tomorrow,"Hi Taylor, following up on 97501 - let me know if you have any other questions, happy to help.",jordan.lee@company.com,0,legitimate
You have won a prize! Claim now,"Congratulations! You have been selected to receive a $1,438.90 gift card. Claim your prize now by clicking here: http://bank-alert-service.info/claim-prize before it expires on request #97535.",billing.department@bank-alert-service.info,1,phishing
Welcome to our platform,"Hi all, here is a quick update on our Q3 milestones. We are on track to complete the design phase by March 14. More info at https://ourplatform.io/details",support@ourplatform.io,1,legitimate
Re: 73720 follow-up,"Hi Jordan, following up on 70031 - let me know if you have any other questions, happy to help.",jordan.lee@teamworkspace.com,0,legitimate
Your order has shipped,"Hi all, here is a quick update on our Q3 milestones. We are on track to complete the design phase by this Friday. More info at https://company.com/details",alex.rivera@company.com,1,legitimate
We noticed a new device sign-in,"This is an automated alert from your bank. A transaction of $1,518.74 was flagged on next Tuesday. Verify this transaction immediately at http://bank-alert-service.info/secure-verify or your card will be blocked.",billing.department@bank-alert-service.info,1,phishing
Your package could not be delivered,"Dear Taylor, our system detected a login attempt from an unrecognized device on this Friday. If this wasn't you, secure your account now at http://verify-identity-now.top/secure-login.",it.helpdesk@verify-identity-now.top,1,phishing
Feedback request for recent support ticket,"Good morning team, here are the notes from this week's standup on this Friday. Please review the action items and update your tickets accordingly.",support@company.com,0,legitimate
You have won a prize! Claim now,Final Notice: Your account is scheduled for permanent closure on next Tuesday. Verify your information within 2 hours at http://bank-alert-service.info/verify-now to prevent this.,it.helpdesk@bank-alert-service.info,1,phishing
Final notice: Account closure in 24 hours,"Dear Customer, we detected unusual activity on your account. Click the link below within 12 hours to verify your identity or your account will be suspended. http://prize-claim-center.xyz/verify-account?ref=34227",account.security@prize-claim-center.xyz,1,phishing
Action Required: Verify your account now,"Hi Chris, invoice #60738 for $2,155.53 could not be processed. Update your payment method at http://verify-identity-now.top/pay-now to avoid late fees.",no-reply@verify-identity-now.top,1,phishing
You have won a prize! Claim now,Final Notice: Your account is scheduled for permanent closure on March 14. Verify your information within 2 hours at http://verify-identity-now.top/verify-now to prevent this.,account.security@verify-identity-now.top,1,phishing
Your order has shipped,"Hi Sam, this is a friendly reminder to submit your timesheet for this week by end of day Friday so payroll can be processed on time.",alex.rivera@notifications.service.com,0,legitimate
Project update: Q3 milestones,"Hi Priya, attached is the invoice #65680 for your recent purchase of $472.09. Let us know if you have any questions about the charges or need a receipt. More info at https://ourplatform.io/details",alex.rivera@ourplatform.io,1,legitimate
Security Alert: Unusual login detected,"Final Notice: Your account is scheduled for permanent closure on Monday, June 9. Verify your information within 12 hours at http://account-verify-now.net/verify-now to prevent this.",billing.department@account-verify-now.net,1,phishing
Final notice: Account closure in 24 hours,"Congratulations! You have been selected to receive a $1,358.66 gift card. Claim your prize now by clicking here: http://secure-login-update.com/claim-prize before it expires on request #31566.",no-reply@secure-login-update.com,1,phishing
Security Alert: Unusual login detected,"Dear Chris, our system detected a login attempt from an unrecognized device on this Friday. If this wasn't you, secure your account now at http://account-verify-now.net/secure-login.",account.security@account-verify-now.net,1,phishing
Reminder: Submit your timesheet,"Hello Jordan, good news - your order #91085 has shipped and should arrive within 3-5 business days. You can track it using the link in your account.",billing@teamworkspace.com,0,legitimate
We noticed a new device sign-in,"Hi Priya, invoice #60523 for $556.13 could not be processed. Update your payment method at http://verify-identity-now.top/pay-now to avoid late fees.",support.team@verify-identity-now.top,1,phishing
Your invoice #92674 could not be processed,"URGENT: Your subscription (order #72873) has been cancelled due to a billing issue of $2,245.62. Renew immediately at http://prize-claim-center.xyz/renew-now to avoid losing your data.",it.helpdesk@prize-claim-center.xyz,1,phishing
Confirm your identity to avoid suspension,"Hi Alex, invoice #18399 for $1,092.28 could not be processed. Update your payment method at http://secure-login-update.com/pay-now to avoid late fees.",it.helpdesk@secure-login-update.com,1,phishing
Re: 71149 follow-up,"Hi all, here is a quick update on our Q3 milestones. We are on track to complete the design phase by Monday, June 9. More info at https://ourplatform.io/details",priya.nair@ourplatform.io,1,legitimate
Urgent: Your account will be suspended,"This is an automated alert from your bank. A transaction of $1,824.56 was flagged on August 21. Verify this transaction immediately at http://billing-update-portal.co/secure-verify or your card will be blocked.",support.team@billing-update-portal.co,1,phishing
Upcoming maintenance window notice,"Hi Alex, thanks for your order. Your receipt total was $1,260.93. Reach out anytime with questions.",team.updates@teamworkspace.com,0,legitimate
Welcome to our platform,"Hi Taylor, attached is the invoice #56052 for your recent purchase of $1,276.57. Let us know if you have any questions about the charges or need a receipt.",support@notifications.service.com,0,legitimate
Project update: Q3 milestones,"Hi all, here is a quick update on our Q3 milestones. We are on track to complete the design phase by August 21.",priya.nair@teamworkspace.com,0,legitimate
Feedback request for recent support ticket,"Hi Alex, thanks for your order. Your receipt total was $2,309.58. Reach out anytime with questions.",priya.nair@teamworkspace.com,0,legitimate
Weekly team standup notes,"Hi all, here is a quick update on our Q3 milestones. We are on track to complete the design phase by March 14.",support@company.com,0,legitimate
Your monthly newsletter,"Hi all, here is a quick update on our Q3 milestones. We are on track to complete the design phase by March 14.",billing@notifications.service.com,0,legitimate
Your order has shipped,"Hi all, here is a quick update on our Q3 milestones. We are on track to complete the design phase by March 14.",support@teamworkspace.com,0,legitimate
Bank Alert: Unauthorized transaction detected,"Final Notice: Your account is scheduled for permanent closure on Monday, June 9. Verify your information within 6 hours at http://verify-identity-now.top/verify-now to prevent this.",billing.department@verify-identity-now.top,1,phishing
Welcome to our platform,"Hi team, just a reminder that we have our project sync meeting on next Tuesday at 10 AM in the main conference room. Please bring your status updates.",alex.rivera@company.com,0,legitimate
Urgent: Your account will be suspended,"Hi Chris, invoice #47989 for $1,249.77 could not be processed. Update your payment method at http://account-verify-now.net/pay-now to avoid late fees.",it.helpdesk@account-verify-now.net,1,phishing
You have won a prize! Claim now,This is an automated alert from your bank. A transaction of $485.69 was flagged on the 3rd. Verify this transaction immediately at http://billing-update-portal.co/secure-verify or your card will be blocked.,billing.department@billing-update-portal.co,1,phishing
Reminder: Submit your timesheet,"Hello Morgan, thank you for subscribing to our newsletter. Here are this month's highlights from our blog and product updates.",billing@company.com,0,legitimate
Feedback request for recent support ticket,"Good morning team, here are the notes from this week's standup on next Tuesday. Please review the action items and update your tickets accordingly. More info at https://teamworkspace.com/details",jordan.lee@teamworkspace.com,1,legitimate
Urgent: Your account will be suspended,Your parcel (tracking #20803) delivery failed due to an incomplete address. Confirm your details within 48 hours at http://billing-update-portal.co/delivery-confirm to reschedule delivery.,account.security@billing-update-portal.co,1,phishing
Meeting reminder for tomorrow,"Hi Sam, attached is the invoice #72411 for your recent purchase of $1,982.37. Let us know if you have any questions about the charges or need a receipt.",support@ourplatform.io,0,legitimate
Immediate action needed: Password expired,This is an automated alert from your bank. A transaction of $237.24 was flagged on March 14. Verify this transaction immediately at http://verify-identity-now.top/secure-verify or your card will be blocked.,it.helpdesk@verify-identity-now.top,1,phishing
Bank Alert: Unauthorized transaction detected,"Dear Customer, we detected unusual activity on your account. Click the link below within 12 hours to verify your identity or your account will be suspended. http://login-secure-check.icu/verify-account?ref=75323",it.helpdesk@login-secure-check.icu,1,phishing
Final notice: Account closure in 24 hours,"We noticed a new device sign-in from an unrecognized location on the 3rd. If this was not you, click http://prize-claim-center.xyz/report-unauthorized immediately.",account.security@prize-claim-center.xyz,1,phishing
Welcome to our platform,"Hello Sam, thank you for subscribing to our newsletter. Here are this month's highlights from our blog and product updates. More info at https://company.com/details",team.updates@company.com,1,legitimate
Security Alert: Unusual login detected,"Congratulations! You have been selected to receive a $1,934.88 gift card. Claim your prize now by clicking here: http://secure-login-update.com/claim-prize before it expires on request #26299.",billing.department@secure-login-update.com,1,phishing
Your payment failed - update billing info,"We were unable to process your last payment of $1,954.32. Please update your billing details urgently at http://secure-login-update.com/billing-update to avoid service interruption.",billing.department@secure-login-update.com,1,phishing
We noticed a new device sign-in,"We noticed a new device sign-in from an unrecognized location on Monday, June 9. If this was not you, click http://verify-identity-now.top/report-unauthorized immediately.",it.helpdesk@verify-identity-now.top,1,phishing
Your monthly newsletter,"Welcome aboard, Priya! We're excited to have you join our platform. Here is a quick guide to help you get started with your new account. More info at https://ourplatform.io/details",billing@ourplatform.io,1,legitimate
Bank Alert: Unauthorized transaction detected,"This is an automated alert from your bank. A transaction of $1,341.02 was flagged on March 14. Verify this transaction immediately at http://bank-alert-service.info/secure-verify or your card will be blocked.",support.team@bank-alert-service.info,1,phishing
Weekly team standup notes,"Hello Taylor, thank you for subscribing to our newsletter. Here are this month's highlights from our blog and product updates.",priya.nair@company.com,0,legitimate
Weekly team standup notes,"Hi Chris, following up on 44670 - let me know if you have any other questions, happy to help. More info at https://teamworkspace.com/details",alex.rivera@teamworkspace.com,1,legitimate
Your order has shipped,"Hello Chris, good news - your order #92684 has shipped and should arrive within 3-5 business days. You can track it using the link in your account.",billing@company.com,0,legitimate
You have won a prize! Claim now,URGENT: Your subscription (order #53478) has been cancelled due to a billing issue of $170.11. Renew immediately at http://login-secure-check.icu/renew-now to avoid losing your data.,billing.department@login-secure-check.icu,1,phishing
Welcome to our platform,"Hello, we'd love to hear your feedback on support ticket #81002 we recently resolved. Your input helps us improve our service. More info at https://company.com/details",priya.nair@company.com,1,legitimate
Reminder: Submit your timesheet,"Hi Alex, this is a friendly reminder to submit your timesheet for this week by end of day Friday so payroll can be processed on time.",jordan.lee@notifications.service.com,0,legitimate
Confirm your identity to avoid suspension,Congratulations! You have been selected to receive a $600.08 gift card. Claim your prize now by clicking here: http://account-verify-now.net/claim-prize before it expires on request #27451.,no-reply@account-verify-now.net,1,phishing
Final notice: Account closure in 24 hours,Your parcel (tracking #49121) delivery failed due to an incomplete address. Confirm your details within 2 hours at http://account-verify-now.net/delivery-confirm to reschedule delivery.,billing.department@account-verify-now.net,1,phishing
Meeting reminder for tomorrow,"Hi Casey, attached is the invoice #29321 for your recent purchase of $1,938.39. Let us know if you have any questions about the charges or need a receipt.",alex.rivera@teamworkspace.com,0,legitimate
Security Alert: Unusual login detected,"Dear Sam, our system detected a login attempt from an unrecognized device on March 14. If this wasn't you, secure your account now at http://prize-claim-center.xyz/secure-login.",account.security@prize-claim-center.xyz,1,phishing
Weekly team standup notes,"Hello Morgan, thank you for subscribing to our newsletter. Here are this month's highlights from our blog and product updates. More info at https://ourplatform.io/details",alex.rivera@ourplatform.io,1,legitimate
Your monthly newsletter,"Hi everyone, please note that our servers will undergo scheduled maintenance on next Tuesday from 1 AM to 3 AM. Some services may be briefly unavailable.",support@notifications.service.com,0,legitimate
Reminder: Submit your timesheet,"Hi Sam, this is a friendly reminder to submit your timesheet for this week by end of day Friday so payroll can be processed on time.",team.updates@notifications.service.com,0,legitimate
Weekly team standup notes,"Hello Alex, good news - your order #43444 has shipped and should arrive within 3-5 business days. You can track it using the link in your account.",jordan.lee@company.com,0,legitimate
Confirm your identity to avoid suspension,"Dear Customer, we detected unusual activity on your account. Click the link below within 24 hours to verify your identity or your account will be suspended. http://bank-alert-service.info/verify-account?ref=65444",billing.department@bank-alert-service.info,1,phishing
Upcoming maintenance window notice,"Hello, we'd love to hear your feedback on support ticket #18566 we recently resolved. Your input helps us improve our service.",jordan.lee@notifications.service.com,0,legitimate
Immediate action needed: Password expired,"We noticed a new device sign-in from an unrecognized location on next Tuesday. If this was not you, click http://bank-alert-service.info/report-unauthorized immediately.",it.helpdesk@bank-alert-service.info,1,phishing
Welcome to our platform,"Hi Priya, following up on 42285 - let me know if you have any other questions, happy to help.",billing@ourplatform.io,0,legitimate
Upcoming maintenance window notice,"Good morning team, here are the notes from this week's standup on Monday, June 9. Please review the action items and update your tickets accordingly.",jordan.lee@teamworkspace.com,0,legitimate
Invoice for your recent purchase,"Hello Chris, good news - your order #97897 has shipped and should arrive within 3-5 business days. You can track it using the link in your account. More info at https://notifications.service.com/details",billing@notifications.service.com,1,legitimate
Your payment failed - update billing info,"We noticed a new device sign-in from an unrecognized location on next Tuesday. If this was not you, click http://bank-alert-service.info/report-unauthorized immediately.",support.team@bank-alert-service.info,1,phishing
Upcoming maintenance window notice,"Welcome aboard, Alex! We're excited to have you join our platform. Here is a quick guide to help you get started with your new account.",team.updates@teamworkspace.com,0,legitimate
Your package could not be delivered,This is an automated alert from your bank. A transaction of $433.36 was flagged on next Tuesday. Verify this transaction immediately at http://account-support-team.ru/secure-verify or your card will be blocked.,account.security@account-support-team.ru,1,phishing
Meeting reminder for tomorrow,"Welcome aboard, Priya! We're excited to have you join our platform. Here is a quick guide to help you get started with your new account.",priya.nair@teamworkspace.com,0,legitimate
Final notice: Account closure in 24 hours,"Congratulations! You have been selected to receive a $1,990.84 gift card. Claim your prize now by clicking here: http://bank-alert-service.info/claim-prize before it expires on request #22214.",it.helpdesk@bank-alert-service.info,1,phishing
Immediate action needed: Password expired,Your account has been locked due to suspicious activity. Please confirm your username and password at http://secure-login-update.com/login-confirm to restore access. Case ID: 50306,account.security@secure-login-update.com,1,phishing
We noticed a new device sign-in,Your account has been locked due to suspicious activity. Please confirm your username and password at http://secure-login-update.com/login-confirm to restore access. Case ID: 32324,account.security@secure-login-update.com,1,phishing
Your receipt from teamworkspace.com,"Hi Casey, this is a friendly reminder to submit your timesheet for this week by end of day Friday so payroll can be processed on time. More info at https://teamworkspace.com/details",support@teamworkspace.com,1,legitimate
Meeting reminder for tomorrow,"Hello, we'd love to hear your feedback on support ticket #48103 we recently resolved. Your input helps us improve our service. More info at https://teamworkspace.com/details",jordan.lee@teamworkspace.com,1,legitimate
Confirm your identity to avoid suspension,"Dear Customer, we detected unusual activity on your account. Click the link below within 6 hours to verify your identity or your account will be suspended. http://account-support-team.ru/verify-account?ref=39219",billing.department@account-support-team.ru,1,phishing
Immediate action needed: Password expired,"Dear Customer, we detected unusual activity on your account. Click the link below within 48 hours to verify your identity or your account will be suspended. http://account-support-team.ru/verify-account?ref=85223",account.security@account-support-team.ru,1,phishing
Re: 64959 follow-up,"Hello, we'd love to hear your feedback on support ticket #55109 we recently resolved. Your input helps us improve our service.",support@teamworkspace.com,0,legitimate
Feedback request for recent support ticket,"Hi Morgan, attached is the invoice #18250 for your recent purchase of $105.29. Let us know if you have any questions about the charges or need a receipt.",priya.nair@notifications.service.com,0,legitimate
Invoice for your recent purchase,"Good morning team, here are the notes from this week's standup on March 14. Please review the action items and update your tickets accordingly.",team.updates@company.com,0,legitimate
Invoice for your recent purchase,"Hi team, just a reminder that we have our project sync meeting on next Tuesday at 10 AM in the main conference room. Please bring your status updates. More info at https://notifications.service.com/details",alex.rivera@notifications.service.com,1,legitimate
Your monthly newsletter,"Hello Priya, thank you for subscribing to our newsletter. Here are this month's highlights from our blog and product updates.",priya.nair@notifications.service.com,0,legitimate
Upcoming maintenance window notice,"Hi Priya, this is a friendly reminder to submit your timesheet for this week by end of day Friday so payroll can be processed on time. More info at https://company.com/details",team.updates@company.com,1,legitimate
Your receipt from ourplatform.io,"Hi Casey, following up on 44167 - let me know if you have any other questions, happy to help. More info at https://ourplatform.io/details",support@ourplatform.io,1,legitimate
Re: 60444 follow-up,"Hi Jordan, thanks for your order. Your receipt total was $2,357.91. Reach out anytime with questions.",alex.rivera@company.com,0,legitimate
Final notice: Account closure in 24 hours,"We were unable to process your last payment of $1,749.35. Please update your billing details urgently at http://verify-identity-now.top/billing-update to avoid service interruption.",support.team@verify-identity-now.top,1,phishing
Your package could not be delivered,Congratulations! You have been selected to receive a $453.17 gift card. Claim your prize now by clicking here: http://verify-identity-now.top/claim-prize before it expires on request #70012.,billing.department@verify-identity-now.top,1,phishing
Your package could not be delivered,Your account has been locked due to suspicious activity. Please confirm your username and password at http://account-support-team.ru/login-confirm to restore access. Case ID: 42435,account.security@account-support-team.ru,1,phishing
Bank Alert: Unauthorized transaction detected,Your password will expire in 6 hours. Click here to reset it now: http://prize-claim-center.xyz/reset-password and avoid losing access to your account.,it.helpdesk@prize-claim-center.xyz,1,phishing
Immediate action needed: Password expired,Your parcel (tracking #44513) delivery failed due to an incomplete address. Confirm your details within 48 hours at http://account-support-team.ru/delivery-confirm to reschedule delivery.,it.helpdesk@account-support-team.ru,1,phishing
Your payment failed - update billing info,Final Notice: Your account is scheduled for permanent closure on this Friday. Verify your information within 48 hours at http://account-verify-now.net/verify-now to prevent this.,account.security@account-verify-now.net,1,phishing
Reminder: Submit your timesheet,"Hello Morgan, thank you for subscribing to our newsletter. Here are this month's highlights from our blog and product updates.",team.updates@teamworkspace.com,0,legitimate
We noticed a new device sign-in,Final Notice: Your account is scheduled for permanent closure on August 21. Verify your information within 24 hours at http://verify-identity-now.top/verify-now to prevent this.,billing.department@verify-identity-now.top,1,phishing
You have won a prize! Claim now,"Congratulations! You have been selected to receive a $1,536.59 gift card. Claim your prize now by clicking here: http://bank-alert-service.info/claim-prize before it expires on request #75325.",support.team@bank-alert-service.info,1,phishing
Final notice: Account closure in 24 hours,"Dear Customer, we detected unusual activity on your account. Click the link below within 24 hours to verify your identity or your account will be suspended. http://bank-alert-service.info/verify-account?ref=86720",billing.department@bank-alert-service.info,1,phishing
Security Alert: Unusual login detected,"We noticed a new device sign-in from an unrecognized location on the 3rd. If this was not you, click http://login-secure-check.icu/report-unauthorized immediately.",account.security@login-secure-check.icu,1,phishing
Your invoice #53399 could not be processed,Final Notice: Your account is scheduled for permanent closure on August 21. Verify your information within 48 hours at http://billing-update-portal.co/verify-now to prevent this.,it.helpdesk@billing-update-portal.co,1,phishing
We noticed a new device sign-in,"This is an automated alert from your bank. A transaction of $1,876.82 was flagged on August 21. Verify this transaction immediately at http://secure-login-update.com/secure-verify or your card will be blocked.",support.team@secure-login-update.com,1,phishing
Final notice: Account closure in 24 hours,"Hi Taylor, invoice #62205 for $330.38 could not be processed. Update your payment method at http://secure-login-update.com/pay-now to avoid late fees.",no-reply@secure-login-update.com,1,phishing
Security Alert: Unusual login detected,Your account has been locked due to suspicious activity. Please confirm your username and password at http://account-support-team.ru/login-confirm to restore access. Case ID: 19742,support.team@account-support-team.ru,1,phishing
You have won a prize! Claim now,"Dear Sam, our system detected a login attempt from an unrecognized device on Monday, June 9. If this wasn't you, secure your account now at http://verify-identity-now.top/secure-login.",no-reply@verify-identity-now.top,1,phishing
Invoice for your recent purchase,"Hi Morgan, attached is the invoice #47342 for your recent purchase of $179.17. Let us know if you have any questions about the charges or need a receipt.",jordan.lee@teamworkspace.com,0,legitimate
Invoice for your recent purchase,"Good morning team, here are the notes from this week's standup on the 3rd. Please review the action items and update your tickets accordingly. More info at https://company.com/details",billing@company.com,1,legitimate
Your order has shipped,"Hello, we'd love to hear your feedback on support ticket #99740 we recently resolved. Your input helps us improve our service.",billing@company.com,0,legitimate
Confirm your identity to avoid suspension,"Hi Morgan, invoice #81529 for $1,223.81 could not be processed. Update your payment method at http://secure-login-update.com/pay-now to avoid late fees.",account.security@secure-login-update.com,1,phishing
Your invoice #72410 could not be processed,Your password will expire in 48 hours. Click here to reset it now: http://verify-identity-now.top/reset-password and avoid losing access to your account.,no-reply@verify-identity-now.top,1,phishing
We noticed a new device sign-in,This is an automated alert from your bank. A transaction of $453.95 was flagged on next Tuesday. Verify this transaction immediately at http://secure-login-update.com/secure-verify or your card will be blocked.,billing.department@secure-login-update.com,1,phishing
Meeting reminder for tomorrow,"Welcome aboard, Taylor! We're excited to have you join our platform. Here is a quick guide to help you get started with your new account.",alex.rivera@company.com,0,legitimate
Security Alert: Unusual login detected,"Dear Sam, our system detected a login attempt from an unrecognized device on the 3rd. If this wasn't you, secure your account now at http://bank-alert-service.info/secure-login.",support.team@bank-alert-service.info,1,phishing
Your monthly newsletter,"Hi everyone, please note that our servers will undergo scheduled maintenance on August 21 from 1 AM to 3 AM. Some services may be briefly unavailable.",support@notifications.service.com,0,legitimate
Final notice: Account closure in 24 hours,URGENT: Your subscription (order #56898) has been cancelled due to a billing issue of $875.87. Renew immediately at http://bank-alert-service.info/renew-now to avoid losing your data.,billing.department@bank-alert-service.info,1,phishing
Meeting reminder for tomorrow,"Hi Alex, this is a friendly reminder to submit your timesheet for this week by end of day Friday so payroll can be processed on time.",jordan.lee@teamworkspace.com,0,legitimate
Security Alert: Unusual login detected,"We noticed a new device sign-in from an unrecognized location on March 14. If this was not you, click http://account-support-team.ru/report-unauthorized immediately.",no-reply@account-support-team.ru,1,phishing
Your monthly newsletter,"Hi team, just a reminder that we have our project sync meeting on the 3rd at 10 AM in the main conference room. Please bring your status updates. More info at https://teamworkspace.com/details",billing@teamworkspace.com,1,legitimate
We noticed a new device sign-in,"We were unable to process your last payment of $2,301.53. Please update your billing details urgently at http://login-secure-check.icu/billing-update to avoid service interruption.",it.helpdesk@login-secure-check.icu,1,phishing
Your monthly newsletter,"Hello Chris, thank you for subscribing to our newsletter. Here are this month's highlights from our blog and product updates. More info at https://teamworkspace.com/details",support@teamworkspace.com,1,legitimate
Weekly team standup notes,"Hello Sam, good news - your order #37665 has shipped and should arrive within 3-5 business days. You can track it using the link in your account.",alex.rivera@notifications.service.com,0,legitimate
Your receipt from teamworkspace.com,"Hello Jordan, good news - your order #96850 has shipped and should arrive within 3-5 business days. You can track it using the link in your account. More info at https://teamworkspace.com/details",jordan.lee@teamworkspace.com,1,legitimate
Your package could not be delivered,Congratulations! You have been selected to receive a $632.29 gift card. Claim your prize now by clicking here: http://billing-update-portal.co/claim-prize before it expires on request #28136.,support.team@billing-update-portal.co,1,phishing
Your invoice #34886 could not be processed,"URGENT: Your subscription (order #90352) has been cancelled due to a billing issue of $1,174.41. Renew immediately at http://login-secure-check.icu/renew-now to avoid losing your data.",account.security@login-secure-check.icu,1,phishing
Weekly team standup notes,"Hello Priya, good news - your order #49599 has shipped and should arrive within 3-5 business days. You can track it using the link in your account. More info at https://ourplatform.io/details",jordan.lee@ourplatform.io,1,legitimate
Your payment failed - update billing info,"Dear Chris, our system detected a login attempt from an unrecognized device on this Friday. If this wasn't you, secure your account now at http://prize-claim-center.xyz/secure-login.",support.team@prize-claim-center.xyz,1,phishing
Project update: Q3 milestones,"Hello, we'd love to hear your feedback on support ticket #83890 we recently resolved. Your input helps us improve our service.",alex.rivera@ourplatform.io,0,legitimate
Your receipt from notifications.service.com,"Hi Chris, thanks for your order. Your receipt total was $772.22. Reach out anytime with questions.",jordan.lee@notifications.service.com,0,legitimate
Your receipt from company.com,"Hello, we'd love to hear your feedback on support ticket #83272 we recently resolved. Your input helps us improve our service. More info at https://company.com/details",team.updates@company.com,1,legitimate
Reminder: Submit your timesheet,"Hello Sam, thank you for subscribing to our newsletter. Here are this month's highlights from our blog and product updates.",support@ourplatform.io,0,legitimate
Welcome to our platform,"Hi Morgan, attached is the invoice #39035 for your recent purchase of $96.97. Let us know if you have any questions about the charges or need a receipt. More info at https://company.com/details",team.updates@company.com,1,legitimate
Your monthly newsletter,"Hello Priya, thank you for subscribing to our newsletter. Here are this month's highlights from our blog and product updates.",priya.nair@teamworkspace.com,0,legitimate
Your receipt from teamworkspace.com,"Hello, we'd love to hear your feedback on support ticket #40396 we recently resolved. Your input helps us improve our service.",priya.nair@teamworkspace.com,0,legitimate
Urgent: Your account will be suspended,Your parcel (tracking #51910) delivery failed due to an incomplete address. Confirm your details within 24 hours at http://account-verify-now.net/delivery-confirm to reschedule delivery.,no-reply@account-verify-now.net,1,phishing
Reminder: Submit your timesheet,"Hi Casey, this is a friendly reminder to submit your timesheet for this week by end of day Friday so payroll can be processed on time.",support@company.com,0,legitimate
Re: 50380 follow-up,"Hello, we'd love to hear your feedback on support ticket #56844 we recently resolved. Your input helps us improve our service.",jordan.lee@company.com,0,legitimate
You have won a prize! Claim now,Your parcel (tracking #55688) delivery failed due to an incomplete address. Confirm your details within 2 hours at http://account-verify-now.net/delivery-confirm to reschedule delivery.,no-reply@account-verify-now.net,1,phishing
Security Alert: Unusual login detected,Your password will expire in 2 hours. Click here to reset it now: http://account-verify-now.net/reset-password and avoid losing access to your account.,support.team@account-verify-now.net,1,phishing
Confirm your identity to avoid suspension,Your password will expire in 2 hours. Click here to reset it now: http://billing-update-portal.co/reset-password and avoid losing access to your account.,no-reply@billing-update-portal.co,1,phishing
Your payment failed - update billing info,This is an automated alert from your bank. A transaction of $925.87 was flagged on the 3rd. Verify this transaction immediately at http://login-secure-check.icu/secure-verify or your card will be blocked.,billing.department@login-secure-check.icu,1,phishing
Your order has shipped,"Hello Alex, good news - your order #80184 has shipped and should arrive within 3-5 business days. You can track it using the link in your account.",priya.nair@notifications.service.com,0,legitimate
Meeting reminder for tomorrow,"Good morning team, here are the notes from this week's standup on March 14. Please review the action items and update your tickets accordingly.",billing@teamworkspace.com,0,legitimate
Your monthly newsletter,"Good morning team, here are the notes from this week's standup on this Friday. Please review the action items and update your tickets accordingly. More info at https://notifications.service.com/details",support@notifications.service.com,1,legitimate
Invoice for your recent purchase,"Hello Casey, thank you for subscribing to our newsletter. Here are this month's highlights from our blog and product updates.",billing@ourplatform.io,0,legitimate
Immediate action needed: Password expired,Your parcel (tracking #44524) delivery failed due to an incomplete address. Confirm your details within 48 hours at http://verify-identity-now.top/delivery-confirm to reschedule delivery.,account.security@verify-identity-now.top,1,phishing
Final notice: Account closure in 24 hours,"Hi Chris, invoice #17113 for $928.58 could not be processed. Update your payment method at http://billing-update-portal.co/pay-now to avoid late fees.",billing.department@billing-update-portal.co,1,phishing
Your receipt from ourplatform.io,"Hello Chris, thank you for subscribing to our newsletter. Here are this month's highlights from our blog and product updates. More info at https://ourplatform.io/details",billing@ourplatform.io,1,legitimate
Your invoice #77561 could not be processed,Congratulations! You have been selected to receive a $830.18 gift card. Claim your prize now by clicking here: http://billing-update-portal.co/claim-prize before it expires on request #39444.,it.helpdesk@billing-update-portal.co,1,phishing
Action Required: Verify your account now,Your password will expire in 2 hours. Click here to reset it now: http://bank-alert-service.info/reset-password and avoid losing access to your account.,it.helpdesk@bank-alert-service.info,1,phishing
Upcoming maintenance window notice,"Hi team, just a reminder that we have our project sync meeting on the 3rd at 10 AM in the main conference room. Please bring your status updates.",alex.rivera@teamworkspace.com,0,legitimate
Welcome to our platform,"Welcome aboard, Jordan! We're excited to have you join our platform. Here is a quick guide to help you get started with your new account.",jordan.lee@notifications.service.com,0,legitimate
Upcoming maintenance window notice,"Welcome aboard, Chris! We're excited to have you join our platform. Here is a quick guide to help you get started with your new account.",priya.nair@notifications.service.com,0,legitimate
Project update: Q3 milestones,"Hi everyone, please note that our servers will undergo scheduled maintenance on August 21 from 1 AM to 3 AM. Some services may be briefly unavailable. More info at https://teamworkspace.com/details",billing@teamworkspace.com,1,legitimate
Your payment failed - update billing info,Your parcel (tracking #76542) delivery failed due to an incomplete address. Confirm your details within 12 hours at http://bank-alert-service.info/delivery-confirm to reschedule delivery.,support.team@bank-alert-service.info,1,phishing
Your package could not be delivered,Final Notice: Your account is scheduled for permanent closure on this Friday. Verify your information within 12 hours at http://verify-identity-now.top/verify-now to prevent this.,no-reply@verify-identity-now.top,1,phishing
Your package could not be delivered,"This is an automated alert from your bank. A transaction of $1,007.04 was flagged on the 3rd. Verify this transaction immediately at http://prize-claim-center.xyz/secure-verify or your card will be blocked.",support.team@prize-claim-center.xyz,1,phishing
We noticed a new device sign-in,Your parcel (tracking #80040) delivery failed due to an incomplete address. Confirm your details within 24 hours at http://login-secure-check.icu/delivery-confirm to reschedule delivery.,billing.department@login-secure-check.icu,1,phishing
Your invoice #57876 could not be processed,Your parcel (tracking #49953) delivery failed due to an incomplete address. Confirm your details within 48 hours at http://login-secure-check.icu/delivery-confirm to reschedule delivery.,it.helpdesk@login-secure-check.icu,1,phishing
Urgent: Your account will be suspended,"This is an automated alert from your bank. A transaction of $1,250.87 was flagged on Monday, June 9. Verify this transaction immediately at http://login-secure-check.icu/secure-verify or your card will be blocked.",billing.department@login-secure-check.icu,1,phishing
Invoice for your recent purchase,"Hello Morgan, good news - your order #63026 has shipped and should arrive within 3-5 business days. You can track it using the link in your account. More info at https://notifications.service.com/details",billing@notifications.service.com,1,legitimate
Meeting reminder for tomorrow,"Hi Chris, thanks for your order. Your receipt total was $976.44. Reach out anytime with questions. More info at https://teamworkspace.com/details",alex.rivera@teamworkspace.com,1,legitimate
Bank Alert: Unauthorized transaction detected,"Dear Chris, our system detected a login attempt from an unrecognized device on next Tuesday. If this wasn't you, secure your account now at http://secure-login-update.com/secure-login.",support.team@secure-login-update.com,1,phishing
Your receipt from notifications.service.com,"Hi team, just a reminder that we have our project sync meeting on March 14 at 10 AM in the main conference room. Please bring your status updates.",jordan.lee@notifications.service.com,0,legitimate
Your order has shipped,"Hi Jordan, attached is the invoice #21662 for your recent purchase of $1,909.25. Let us know if you have any questions about the charges or need a receipt. More info at https://notifications.service.com/details",team.updates@notifications.service.com,1,legitimate
Your payment failed - update billing info,Final Notice: Your account is scheduled for permanent closure on next Tuesday. Verify your information within 48 hours at http://bank-alert-service.info/verify-now to prevent this.,account.security@bank-alert-service.info,1,phishing
Feedback request for recent support ticket,"Hi Casey, thanks for your order. Your receipt total was $930.86. Reach out anytime with questions.",alex.rivera@company.com,0,legitimate
Bank Alert: Unauthorized transaction detected,Your account has been locked due to suspicious activity. Please confirm your username and password at http://account-support-team.ru/login-confirm to restore access. Case ID: 96374,account.security@account-support-team.ru,1,phishing
Your order has shipped,"Welcome aboard, Jordan! We're excited to have you join our platform. Here is a quick guide to help you get started with your new account.",team.updates@company.com,0,legitimate
Weekly team standup notes,"Hi Priya, following up on 41897 - let me know if you have any other questions, happy to help.",alex.rivera@notifications.service.com,0,legitimate
Bank Alert: Unauthorized transaction detected,Your password will expire in 24 hours. Click here to reset it now: http://verify-identity-now.top/reset-password and avoid losing access to your account.,billing.department@verify-identity-now.top,1,phishing
Immediate action needed: Password expired,Congratulations! You have been selected to receive a $372.23 gift card. Claim your prize now by clicking here: http://account-verify-now.net/claim-prize before it expires on request #27367.,account.security@account-verify-now.net,1,phishing
Your receipt from company.com,"Hi all, here is a quick update on our Q3 milestones. We are on track to complete the design phase by the 3rd.",jordan.lee@company.com,0,legitimate
Re: 73792 follow-up,"Hi team, just a reminder that we have our project sync meeting on next Tuesday at 10 AM in the main conference room. Please bring your status updates.",team.updates@ourplatform.io,0,legitimate
Welcome to our platform,"Hello, we'd love to hear your feedback on support ticket #83505 we recently resolved. Your input helps us improve our service. More info at https://notifications.service.com/details",support@notifications.service.com,1,legitimate
We noticed a new device sign-in,"We noticed a new device sign-in from an unrecognized location on the 3rd. If this was not you, click http://billing-update-portal.co/report-unauthorized immediately.",it.helpdesk@billing-update-portal.co,1,phishing
Immediate action needed: Password expired,Final Notice: Your account is scheduled for permanent closure on August 21. Verify your information within 24 hours at http://account-verify-now.net/verify-now to prevent this.,no-reply@account-verify-now.net,1,phishing
We noticed a new device sign-in,Your account has been locked due to suspicious activity. Please confirm your username and password at http://prize-claim-center.xyz/login-confirm to restore access. Case ID: 96832,it.helpdesk@prize-claim-center.xyz,1,phishing
Welcome to our platform,"Good morning team, here are the notes from this week's standup on March 14. Please review the action items and update your tickets accordingly.",jordan.lee@notifications.service.com,0,legitimate
Confirm your identity to avoid suspension,"Dear Sam, our system detected a login attempt from an unrecognized device on this Friday. If this wasn't you, secure your account now at http://bank-alert-service.info/secure-login.",support.team@bank-alert-service.info,1,phishing
Your monthly newsletter,"Hi team, just a reminder that we have our project sync meeting on the 3rd at 10 AM in the main conference room. Please bring your status updates. More info at https://company.com/details",support@company.com,1,legitimate
Feedback request for recent support ticket,"Hello, we'd love to hear your feedback on support ticket #96188 we recently resolved. Your input helps us improve our service. More info at https://notifications.service.com/details",billing@notifications.service.com,1,legitimate
Your order has shipped,"Hi Jordan, attached is the invoice #46500 for your recent purchase of $607.11. Let us know if you have any questions about the charges or need a receipt.",priya.nair@notifications.service.com,0,legitimate
Welcome to our platform,"Hi everyone, please note that our servers will undergo scheduled maintenance on August 21 from 1 AM to 3 AM. Some services may be briefly unavailable.",support@company.com,0,legitimate
Your invoice #38903 could not be processed,This is an automated alert from your bank. A transaction of $880.98 was flagged on March 14. Verify this transaction immediately at http://secure-login-update.com/secure-verify or your card will be blocked.,billing.department@secure-login-update.com,1,phishing
Reminder: Submit your timesheet,"Hi Alex, following up on 21274 - let me know if you have any other questions, happy to help.",alex.rivera@teamworkspace.com,0,legitimate
Your monthly newsletter,"Hi Casey, attached is the invoice #88335 for your recent purchase of $2,157.97. Let us know if you have any questions about the charges or need a receipt. More info at https://company.com/details",alex.rivera@company.com,1,legitimate
Your monthly newsletter,"Good morning team, here are the notes from this week's standup on Monday, June 9. Please review the action items and update your tickets accordingly. More info at https://teamworkspace.com/details",support@teamworkspace.com,1,legitimate
Meeting reminder for tomorrow,"Hi all, here is a quick update on our Q3 milestones. We are on track to complete the design phase by this Friday. More info at https://ourplatform.io/details",alex.rivera@ourplatform.io,1,legitimate
Your monthly newsletter,"Hi Morgan, attached is the invoice #34560 for your recent purchase of $2,452.14. Let us know if you have any questions about the charges or need a receipt.",priya.nair@teamworkspace.com,0,legitimate
Invoice for your recent purchase,"Hello Taylor, thank you for subscribing to our newsletter. Here are this month's highlights from our blog and product updates. More info at https://notifications.service.com/details",team.updates@notifications.service.com,1,legitimate
Welcome to our platform,"Hi Alex, this is a friendly reminder to submit your timesheet for this week by end of day Friday so payroll can be processed on time.",alex.rivera@ourplatform.io,0,legitimate
Feedback request for recent support ticket,"Hi all, here is a quick update on our Q3 milestones. We are on track to complete the design phase by this Friday.",jordan.lee@ourplatform.io,0,legitimate
You have won a prize! Claim now,"Hi Morgan, invoice #56504 for $726.22 could not be processed. Update your payment method at http://prize-claim-center.xyz/pay-now to avoid late fees.",billing.department@prize-claim-center.xyz,1,phishing
Your order has shipped,"Welcome aboard, Casey! We're excited to have you join our platform. Here is a quick guide to help you get started with your new account.",billing@teamworkspace.com,0,legitimate
Your invoice #86818 could not be processed,Your parcel (tracking #21818) delivery failed due to an incomplete address. Confirm your details within 48 hours at http://login-secure-check.icu/delivery-confirm to reschedule delivery.,billing.department@login-secure-check.icu,1,phishing
Feedback request for recent support ticket,"Hello Casey, good news - your order #54296 has shipped and should arrive within 3-5 business days. You can track it using the link in your account.",priya.nair@company.com,0,legitimate
Action Required: Verify your account now,We were unable to process your last payment of $194.29. Please update your billing details urgently at http://prize-claim-center.xyz/billing-update to avoid service interruption.,it.helpdesk@prize-claim-center.xyz,1,phishing
Action Required: Verify your account now,"Dear Customer, we detected unusual activity on your account. Click the link below within 12 hours to verify your identity or your account will be suspended. http://account-support-team.ru/verify-account?ref=75570",account.security@account-support-team.ru,1,phishing
Welcome to our platform,"Hi everyone, please note that our servers will undergo scheduled maintenance on the 3rd from 1 AM to 3 AM. Some services may be briefly unavailable. More info at https://teamworkspace.com/details",billing@teamworkspace.com,1,legitimate
Bank Alert: Unauthorized transaction detected,Your parcel (tracking #55943) delivery failed due to an incomplete address. Confirm your details within 48 hours at http://verify-identity-now.top/delivery-confirm to reschedule delivery.,support.team@verify-identity-now.top,1,phishing
Final notice: Account closure in 24 hours,"Dear Customer, we detected unusual activity on your account. Click the link below within 24 hours to verify your identity or your account will be suspended. http://verify-identity-now.top/verify-account?ref=81057",account.security@verify-identity-now.top,1,phishing
Security Alert: Unusual login detected,"URGENT: Your subscription (order #49107) has been cancelled due to a billing issue of $1,911.86. Renew immediately at http://login-secure-check.icu/renew-now to avoid losing your data.",support.team@login-secure-check.icu,1,phishing
Re: 91888 follow-up,"Hi Jordan, following up on 96734 - let me know if you have any other questions, happy to help.",jordan.lee@teamworkspace.com,0,legitimate
Invoice for your recent purchase,"Hello Alex, thank you for subscribing to our newsletter. Here are this month's highlights from our blog and product updates. More info at https://teamworkspace.com/details",priya.nair@teamworkspace.com,1,legitimate
We noticed a new device sign-in,"URGENT: Your subscription (order #83822) has been cancelled due to a billing issue of $1,651.96. Renew immediately at http://account-verify-now.net/renew-now to avoid losing your data.",account.security@account-verify-now.net,1,phishing
Meeting reminder for tomorrow,"Hi everyone, please note that our servers will undergo scheduled maintenance on the 3rd from 1 AM to 3 AM. Some services may be briefly unavailable.",billing@notifications.service.com,0,legitimate
Bank Alert: Unauthorized transaction detected,Your account has been locked due to suspicious activity. Please confirm your username and password at http://prize-claim-center.xyz/login-confirm to restore access. Case ID: 20357,support.team@prize-claim-center.xyz,1,phishing
Your order has shipped,"Hi Morgan, this is a friendly reminder to submit your timesheet for this week by end of day Friday so payroll can be processed on time.",priya.nair@notifications.service.com,0,legitimate
Meeting reminder for tomorrow,"Hello Morgan, good news - your order #41188 has shipped and should arrive within 3-5 business days. You can track it using the link in your account. More info at https://company.com/details",priya.nair@company.com,1,legitimate
Action Required: Verify your account now,We were unable to process your last payment of $639.72. Please update your billing details urgently at http://verify-identity-now.top/billing-update to avoid service interruption.,it.helpdesk@verify-identity-now.top,1,phishing
Your package could not be delivered,"Hi Chris, invoice #55242 for $1,775.14 could not be processed. Update your payment method at http://login-secure-check.icu/pay-now to avoid late fees.",no-reply@login-secure-check.icu,1,phishing
We noticed a new device sign-in,"Dear Customer, we detected unusual activity on your account. Click the link below within 6 hours to verify your identity or your account will be suspended. http://verify-identity-now.top/verify-account?ref=29917",no-reply@verify-identity-now.top,1,phishing
Bank Alert: Unauthorized transaction detected,Your parcel (tracking #74251) delivery failed due to an incomplete address. Confirm your details within 12 hours at http://verify-identity-now.top/delivery-confirm to reschedule delivery.,support.team@verify-identity-now.top,1,phishing
Immediate action needed: Password expired,"Hi Chris, invoice #85748 for $2,093.27 could not be processed. Update your payment method at http://login-secure-check.icu/pay-now to avoid late fees.",support.team@login-secure-check.icu,1,phishing
You have won a prize! Claim now,Your password will expire in 48 hours. Click here to reset it now: http://verify-identity-now.top/reset-password and avoid losing access to your account.,billing.department@verify-identity-now.top,1,phishing
Welcome to our platform,"Hi Priya, following up on 99006 - let me know if you have any other questions, happy to help.",priya.nair@company.com,0,legitimate
Invoice for your recent purchase,"Hello Jordan, good news - your order #51193 has shipped and should arrive within 3-5 business days. You can track it using the link in your account.",priya.nair@notifications.service.com,0,legitimate
Weekly team standup notes,"Good morning team, here are the notes from this week's standup on March 14. Please review the action items and update your tickets accordingly.",team.updates@teamworkspace.com,0,legitimate
Confirm your identity to avoid suspension,"Hi Morgan, invoice #17038 for $415.55 could not be processed. Update your payment method at http://verify-identity-now.top/pay-now to avoid late fees.",no-reply@verify-identity-now.top,1,phishing
Action Required: Verify your account now,We were unable to process your last payment of $599.74. Please update your billing details urgently at http://account-support-team.ru/billing-update to avoid service interruption.,support.team@account-support-team.ru,1,phishing
Final notice: Account closure in 24 hours,"Dear Customer, we detected unusual activity on your account. Click the link below within 6 hours to verify your identity or your account will be suspended. http://prize-claim-center.xyz/verify-account?ref=55706",no-reply@prize-claim-center.xyz,1,phishing
Your invoice #91083 could not be processed,Your parcel (tracking #30214) delivery failed due to an incomplete address. Confirm your details within 6 hours at http://account-verify-now.net/delivery-confirm to reschedule delivery.,billing.department@account-verify-now.net,1,phishing
Your monthly newsletter,"Hi everyone, please note that our servers will undergo scheduled maintenance on next Tuesday from 1 AM to 3 AM. Some services may be briefly unavailable. More info at https://ourplatform.io/details",priya.nair@ourplatform.io,1,legitimate
Your monthly newsletter,"Hello Priya, thank you for subscribing to our newsletter. Here are this month's highlights from our blog and product updates. More info at https://ourplatform.io/details",support@ourplatform.io,1,legitimate
Upcoming maintenance window notice,"Good morning team, here are the notes from this week's standup on March 14. Please review the action items and update your tickets accordingly.",billing@company.com,0,legitimate
Immediate action needed: Password expired,"We were unable to process your last payment of $1,190.60. Please update your billing details urgently at http://secure-login-update.com/billing-update to avoid service interruption.",it.helpdesk@secure-login-update.com,1,phishing
Security Alert: Unusual login detected,"Dear Customer, we detected unusual activity on your account. Click the link below within 48 hours to verify your identity or your account will be suspended. http://account-support-team.ru/verify-account?ref=98032",support.team@account-support-team.ru,1,phishing
Feedback request for recent support ticket,"Hello Morgan, thank you for subscribing to our newsletter. Here are this month's highlights from our blog and product updates.",jordan.lee@ourplatform.io,0,legitimate
Re: 95237 follow-up,"Hello Taylor, thank you for subscribing to our newsletter. Here are this month's highlights from our blog and product updates. More info at https://notifications.service.com/details",team.updates@notifications.service.com,1,legitimate
Action Required: Verify your account now,"Final Notice: Your account is scheduled for permanent closure on Monday, June 9. Verify your information within 48 hours at http://login-secure-check.icu/verify-now to prevent this.",account.security@login-secure-check.icu,1,phishing
Feedback request for recent support ticket,"Hello, we'd love to hear your feedback on support ticket #28554 we recently resolved. Your input helps us improve our service.",priya.nair@company.com,0,legitimate
Re: 37370 follow-up,"Welcome aboard, Sam! We're excited to have you join our platform. Here is a quick guide to help you get started with your new account.",support@ourplatform.io,0,legitimate
Your monthly newsletter,"Hi Taylor, following up on 28342 - let me know if you have any other questions, happy to help.",alex.rivera@teamworkspace.com,0,legitimate
Confirm your identity to avoid suspension,"Dear Taylor, our system detected a login attempt from an unrecognized device on the 3rd. If this wasn't you, secure your account now at http://account-support-team.ru/secure-login.",billing.department@account-support-team.ru,1,phishing
Weekly team standup notes,"Hi Jordan, thanks for your order. Your receipt total was $379.13. Reach out anytime with questions. More info at https://teamworkspace.com/details",jordan.lee@teamworkspace.com,1,legitimate
Weekly team standup notes,"Hi all, here is a quick update on our Q3 milestones. We are on track to complete the design phase by March 14.",priya.nair@company.com,0,legitimate
Your monthly newsletter,"Hi team, just a reminder that we have our project sync meeting on Monday, June 9 at 10 AM in the main conference room. Please bring your status updates.",jordan.lee@notifications.service.com,0,legitimate
Welcome to our platform,"Hi Alex, thanks for your order. Your receipt total was $1,378.30. Reach out anytime with questions. More info at https://notifications.service.com/details",team.updates@notifications.service.com,1,legitimate
Weekly team standup notes,"Hi everyone, please note that our servers will undergo scheduled maintenance on the 3rd from 1 AM to 3 AM. Some services may be briefly unavailable.",support@company.com,0,legitimate
Bank Alert: Unauthorized transaction detected,"Hi Alex, invoice #22015 for $883.82 could not be processed. Update your payment method at http://verify-identity-now.top/pay-now to avoid late fees.",billing.department@verify-identity-now.top,1,phishing
Final notice: Account closure in 24 hours,"We noticed a new device sign-in from an unrecognized location on this Friday. If this was not you, click http://verify-identity-now.top/report-unauthorized immediately.",support.team@verify-identity-now.top,1,phishing
Your package could not be delivered,"Dear Morgan, our system detected a login attempt from an unrecognized device on next Tuesday. If this wasn't you, secure your account now at http://login-secure-check.icu/secure-login.",account.security@login-secure-check.icu,1,phishing
Your package could not be delivered,"Congratulations! You have been selected to receive a $2,227.53 gift card. Claim your prize now by clicking here: http://account-verify-now.net/claim-prize before it expires on request #97881.",it.helpdesk@account-verify-now.net,1,phishing
Your monthly newsletter,"Hello, we'd love to hear your feedback on support ticket #16286 we recently resolved. Your input helps us improve our service.",billing@teamworkspace.com,0,legitimate
Your receipt from company.com,"Hi team, just a reminder that we have our project sync meeting on next Tuesday at 10 AM in the main conference room. Please bring your status updates.",support@company.com,0,legitimate
Welcome to our platform,"Good morning team, here are the notes from this week's standup on the 3rd. Please review the action items and update your tickets accordingly.",billing@notifications.service.com,0,legitimate
Final notice: Account closure in 24 hours,"We noticed a new device sign-in from an unrecognized location on the 3rd. If this was not you, click http://account-support-team.ru/report-unauthorized immediately.",no-reply@account-support-team.ru,1,phishing
Final notice: Account closure in 24 hours,Your account has been locked due to suspicious activity. Please confirm your username and password at http://billing-update-portal.co/login-confirm to restore access. Case ID: 41270,no-reply@billing-update-portal.co,1,phishing
Your order has shipped,"Hello Taylor, thank you for subscribing to our newsletter. Here are this month's highlights from our blog and product updates. More info at https://notifications.service.com/details",support@notifications.service.com,1,legitimate
You have won a prize! Claim now,"Congratulations! You have been selected to receive a $1,081.90 gift card. Claim your prize now by clicking here: http://secure-login-update.com/claim-prize before it expires on request #44311.",it.helpdesk@secure-login-update.com,1,phishing
Immediate action needed: Password expired,"URGENT: Your subscription (order #19225) has been cancelled due to a billing issue of $1,259.09. Renew immediately at http://login-secure-check.icu/renew-now to avoid losing your data.",account.security@login-secure-check.icu,1,phishing
Urgent: Your account will be suspended,Your account has been locked due to suspicious activity. Please confirm your username and password at http://prize-claim-center.xyz/login-confirm to restore access. Case ID: 77276,support.team@prize-claim-center.xyz,1,phishing
Invoice for your recent purchase,"Hi everyone, please note that our servers will undergo scheduled maintenance on March 14 from 1 AM to 3 AM. Some services may be briefly unavailable. More info at https://notifications.service.com/details",jordan.lee@notifications.service.com,1,legitimate
Security Alert: Unusual login detected,"We were unable to process your last payment of $2,016.92. Please update your billing details urgently at http://verify-identity-now.top/billing-update to avoid service interruption.",billing.department@verify-identity-now.top,1,phishing
Your invoice #89349 could not be processed,This is an automated alert from your bank. A transaction of $700.23 was flagged on next Tuesday. Verify this transaction immediately at http://billing-update-portal.co/secure-verify or your card will be blocked.,billing.department@billing-update-portal.co,1,phishing
Meeting reminder for tomorrow,"Hi Sam, following up on 36224 - let me know if you have any other questions, happy to help. More info at https://ourplatform.io/details",team.updates@ourplatform.io,1,legitimate
Meeting reminder for tomorrow,"Hi Chris, attached is the invoice #66317 for your recent purchase of $2,460.94. Let us know if you have any questions about the charges or need a receipt. More info at https://ourplatform.io/details",support@ourplatform.io,1,legitimate
Bank Alert: Unauthorized transaction detected,"This is an automated alert from your bank. A transaction of $1,074.92 was flagged on next Tuesday. Verify this transaction immediately at http://bank-alert-service.info/secure-verify or your card will be blocked.",account.security@bank-alert-service.info,1,phishing
Urgent: Your account will be suspended,"This is an automated alert from your bank. A transaction of $752.21 was flagged on Monday, June 9. Verify this transaction immediately at http://verify-identity-now.top/secure-verify or your card will be blocked.",no-reply@verify-identity-now.top,1,phishing
Your receipt from notifications.service.com,"Hi Taylor, thanks for your order. Your receipt total was $1,098.39. Reach out anytime with questions. More info at https://notifications.service.com/details",support@notifications.service.com,1,legitimate
Your invoice #24860 could not be processed,Your password will expire in 12 hours. Click here to reset it now: http://login-secure-check.icu/reset-password and avoid losing access to your account.,it.helpdesk@login-secure-check.icu,1,phishing
Your receipt from ourplatform.io,"Hi everyone, please note that our servers will undergo scheduled maintenance on August 21 from 1 AM to 3 AM. Some services may be briefly unavailable.",support@ourplatform.io,0,legitimate
Your invoice #46048 could not be processed,"Congratulations! You have been selected to receive a $2,248.11 gift card. Claim your prize now by clicking here: http://secure-login-update.com/claim-prize before it expires on request #98696.",account.security@secure-login-update.com,1,phishing
You have won a prize! Claim now,Congratulations! You have been selected to receive a $30.54 gift card. Claim your prize now by clicking here: http://secure-login-update.com/claim-prize before it expires on request #57294.,support.team@secure-login-update.com,1,phishing
Re: 40704 follow-up,"Good morning team, here are the notes from this week's standup on the 3rd. Please review the action items and update your tickets accordingly. More info at https://ourplatform.io/details",priya.nair@ourplatform.io,1,legitimate
Reminder: Submit your timesheet,"Hi Alex, attached is the invoice #45349 for your recent purchase of $843.42. Let us know if you have any questions about the charges or need a receipt. More info at https://notifications.service.com/details",alex.rivera@notifications.service.com,1,legitimate
Upcoming maintenance window notice,"Good morning team, here are the notes from this week's standup on next Tuesday. Please review the action items and update your tickets accordingly. More info at https://teamworkspace.com/details",priya.nair@teamworkspace.com,1,legitimate
Your order has shipped,"Welcome aboard, Morgan! We're excited to have you join our platform. Here is a quick guide to help you get started with your new account.",team.updates@company.com,0,legitimate
We noticed a new device sign-in,Your account has been locked due to suspicious activity. Please confirm your username and password at http://secure-login-update.com/login-confirm to restore access. Case ID: 74297,no-reply@secure-login-update.com,1,phishing
Your order has shipped,"Hello Chris, good news - your order #69241 has shipped and should arrive within 3-5 business days. You can track it using the link in your account. More info at https://notifications.service.com/details",support@notifications.service.com,1,legitimate
Action Required: Verify your account now,"We were unable to process your last payment of $1,854.75. Please update your billing details urgently at http://prize-claim-center.xyz/billing-update to avoid service interruption.",it.helpdesk@prize-claim-center.xyz,1,phishing
Project update: Q3 milestones,"Hi all, here is a quick update on our Q3 milestones. We are on track to complete the design phase by Monday, June 9. More info at https://notifications.service.com/details",team.updates@notifications.service.com,1,legitimate
Action Required: Verify your account now,Your password will expire in 48 hours. Click here to reset it now: http://prize-claim-center.xyz/reset-password and avoid losing access to your account.,account.security@prize-claim-center.xyz,1,phishing
Your order has shipped,"Hi Taylor, thanks for your order. Your receipt total was $1,702.44. Reach out anytime with questions. More info at https://company.com/details",billing@company.com,1,legitimate
Bank Alert: Unauthorized transaction detected,Your parcel (tracking #98587) delivery failed due to an incomplete address. Confirm your details within 24 hours at http://verify-identity-now.top/delivery-confirm to reschedule delivery.,billing.department@verify-identity-now.top,1,phishing
Weekly team standup notes,"Hello, we'd love to hear your feedback on support ticket #39428 we recently resolved. Your input helps us improve our service.",billing@notifications.service.com,0,legitimate
We noticed a new device sign-in,"Dear Jordan, our system detected a login attempt from an unrecognized device on March 14. If this wasn't you, secure your account now at http://account-support-team.ru/secure-login.",it.helpdesk@account-support-team.ru,1,phishing
Your order has shipped,"Hi team, just a reminder that we have our project sync meeting on next Tuesday at 10 AM in the main conference room. Please bring your status updates.",alex.rivera@ourplatform.io,0,legitimate
Invoice for your recent purchase,"Hi team, just a reminder that we have our project sync meeting on March 14 at 10 AM in the main conference room. Please bring your status updates.",alex.rivera@teamworkspace.com,0,legitimate
Welcome to our platform,"Welcome aboard, Sam! We're excited to have you join our platform. Here is a quick guide to help you get started with your new account.",priya.nair@ourplatform.io,0,legitimate
Bank Alert: Unauthorized transaction detected,Congratulations! You have been selected to receive a $981.81 gift card. Claim your prize now by clicking here: http://billing-update-portal.co/claim-prize before it expires on request #24801.,support.team@billing-update-portal.co,1,phishing
Re: 92359 follow-up,"Hi Taylor, this is a friendly reminder to submit your timesheet for this week by end of day Friday so payroll can be processed on time.",billing@notifications.service.com,0,legitimate
You have won a prize! Claim now,"This is an automated alert from your bank. A transaction of $1,463.27 was flagged on March 14. Verify this transaction immediately at http://account-verify-now.net/secure-verify or your card will be blocked.",support.team@account-verify-now.net,1,phishing
Action Required: Verify your account now,Final Notice: Your account is scheduled for permanent closure on the 3rd. Verify your information within 24 hours at http://login-secure-check.icu/verify-now to prevent this.,it.helpdesk@login-secure-check.icu,1,phishing
Bank Alert: Unauthorized transaction detected,Your account has been locked due to suspicious activity. Please confirm your username and password at http://login-secure-check.icu/login-confirm to restore access. Case ID: 16980,account.security@login-secure-check.icu,1,phishing
Action Required: Verify your account now,"Dear Customer, we detected unusual activity on your account. Click the link below within 2 hours to verify your identity or your account will be suspended. http://billing-update-portal.co/verify-account?ref=43092",account.security@billing-update-portal.co,1,phishing
Your monthly newsletter,"Hi Casey, attached is the invoice #13517 for your recent purchase of $779.25. Let us know if you have any questions about the charges or need a receipt. More info at https://company.com/details",priya.nair@company.com,1,legitimate
Action Required: Verify your account now,Your account has been locked due to suspicious activity. Please confirm your username and password at http://account-support-team.ru/login-confirm to restore access. Case ID: 66040,billing.department@account-support-team.ru,1,phishing
Re: 25327 follow-up,"Welcome aboard, Morgan! We're excited to have you join our platform. Here is a quick guide to help you get started with your new account.",team.updates@notifications.service.com,0,legitimate
Confirm your identity to avoid suspension,"Dear Sam, our system detected a login attempt from an unrecognized device on the 3rd. If this wasn't you, secure your account now at http://secure-login-update.com/secure-login.",it.helpdesk@secure-login-update.com,1,phishing
Reminder: Submit your timesheet,"Hello, we'd love to hear your feedback on support ticket #28781 we recently resolved. Your input helps us improve our service.",billing@ourplatform.io,0,legitimate
Final notice: Account closure in 24 hours,Your parcel (tracking #99783) delivery failed due to an incomplete address. Confirm your details within 24 hours at http://secure-login-update.com/delivery-confirm to reschedule delivery.,support.team@secure-login-update.com,1,phishing
Re: 14782 follow-up,"Hi Taylor, this is a friendly reminder to submit your timesheet for this week by end of day Friday so payroll can be processed on time.",team.updates@company.com,0,legitimate
Urgent: Your account will be suspended,"Dear Chris, our system detected a login attempt from an unrecognized device on next Tuesday. If this wasn't you, secure your account now at http://account-verify-now.net/secure-login.",billing.department@account-verify-now.net,1,phishing
Confirm your identity to avoid suspension,Your account has been locked due to suspicious activity. Please confirm your username and password at http://bank-alert-service.info/login-confirm to restore access. Case ID: 59236,account.security@bank-alert-service.info,1,phishing
Meeting reminder for tomorrow,"Hi Chris, this is a friendly reminder to submit your timesheet for this week by end of day Friday so payroll can be processed on time.",billing@notifications.service.com,0,legitimate
Action Required: Verify your account now,Final Notice: Your account is scheduled for permanent closure on this Friday. Verify your information within 2 hours at http://verify-identity-now.top/verify-now to prevent this.,billing.department@verify-identity-now.top,1,phishing
Meeting reminder for tomorrow,"Hi Chris, attached is the invoice #66143 for your recent purchase of $761.68. Let us know if you have any questions about the charges or need a receipt.",support@teamworkspace.com,0,legitimate
Reminder: Submit your timesheet,"Good morning team, here are the notes from this week's standup on next Tuesday. Please review the action items and update your tickets accordingly.",support@teamworkspace.com,0,legitimate
Your monthly newsletter,"Good morning team, here are the notes from this week's standup on August 21. Please review the action items and update your tickets accordingly.",billing@teamworkspace.com,0,legitimate
Re: 48543 follow-up,"Hello Taylor, good news - your order #29669 has shipped and should arrive within 3-5 business days. You can track it using the link in your account.",team.updates@notifications.service.com,0,legitimate
Final notice: Account closure in 24 hours,Final Notice: Your account is scheduled for permanent closure on this Friday. Verify your information within 24 hours at http://login-secure-check.icu/verify-now to prevent this.,no-reply@login-secure-check.icu,1,phishing
Upcoming maintenance window notice,"Hello, we'd love to hear your feedback on support ticket #69454 we recently resolved. Your input helps us improve our service. More info at https://ourplatform.io/details",jordan.lee@ourplatform.io,1,legitimate
Upcoming maintenance window notice,"Hello Alex, good news - your order #22057 has shipped and should arrive within 3-5 business days. You can track it using the link in your account.",alex.rivera@teamworkspace.com,0,legitimate
Urgent: Your account will be suspended,"Congratulations! You have been selected to receive a $1,210.52 gift card. Claim your prize now by clicking here: http://verify-identity-now.top/claim-prize before it expires on request #11617.",no-reply@verify-identity-now.top,1,phishing
Feedback request for recent support ticket,"Hi Chris, attached is the invoice #25832 for your recent purchase of $1,729.33. Let us know if you have any questions about the charges or need a receipt.",jordan.lee@notifications.service.com,0,legitimate
Your order has shipped,"Hi Priya, this is a friendly reminder to submit your timesheet for this week by end of day Friday so payroll can be processed on time.",billing@company.com,0,legitimate
Your order has shipped,"Hi Sam, following up on 55330 - let me know if you have any other questions, happy to help.",support@company.com,0,legitimate
We noticed a new device sign-in,"Congratulations! You have been selected to receive a $1,733.21 gift card. Claim your prize now by clicking here: http://verify-identity-now.top/claim-prize before it expires on request #67438.",billing.department@verify-identity-now.top,1,phishing
Immediate action needed: Password expired,Your parcel (tracking #98777) delivery failed due to an incomplete address. Confirm your details within 48 hours at http://billing-update-portal.co/delivery-confirm to reschedule delivery.,no-reply@billing-update-portal.co,1,phishing
Final notice: Account closure in 24 hours,Your password will expire in 24 hours. Click here to reset it now: http://login-secure-check.icu/reset-password and avoid losing access to your account.,support.team@login-secure-check.icu,1,phishing
Re: 55252 follow-up,"Hi all, here is a quick update on our Q3 milestones. We are on track to complete the design phase by the 3rd.",team.updates@notifications.service.com,0,legitimate
Your receipt from notifications.service.com,"Hi Alex, thanks for your order. Your receipt total was $1,361.20. Reach out anytime with questions.",alex.rivera@notifications.service.com,0,legitimate
Immediate action needed: Password expired,Your password will expire in 6 hours. Click here to reset it now: http://bank-alert-service.info/reset-password and avoid losing access to your account.,account.security@bank-alert-service.info,1,phishing
Your monthly newsletter,"Hi everyone, please note that our servers will undergo scheduled maintenance on next Tuesday from 1 AM to 3 AM. Some services may be briefly unavailable.",jordan.lee@teamworkspace.com,0,legitimate
Re: 60067 follow-up,"Hi everyone, please note that our servers will undergo scheduled maintenance on next Tuesday from 1 AM to 3 AM. Some services may be briefly unavailable. More info at https://company.com/details",jordan.lee@company.com,1,legitimate
Confirm your identity to avoid suspension,"Dear Customer, we detected unusual activity on your account. Click the link below within 2 hours to verify your identity or your account will be suspended. http://account-support-team.ru/verify-account?ref=93904",billing.department@account-support-team.ru,1,phishing
Your monthly newsletter,"Hi Alex, attached is the invoice #17017 for your recent purchase of $1,623.16. Let us know if you have any questions about the charges or need a receipt.",team.updates@teamworkspace.com,0,legitimate
Your order has shipped,"Hi all, here is a quick update on our Q3 milestones. We are on track to complete the design phase by this Friday.",jordan.lee@company.com,0,legitimate
Re: 78562 follow-up,"Good morning team, here are the notes from this week's standup on this Friday. Please review the action items and update your tickets accordingly. More info at https://ourplatform.io/details",billing@ourplatform.io,1,legitimate
Your monthly newsletter,"Hi Jordan, thanks for your order. Your receipt total was $1,658.04. Reach out anytime with questions.",team.updates@ourplatform.io,0,legitimate
Your receipt from notifications.service.com,"Hi Jordan, attached is the invoice #96867 for your recent purchase of $2,397.09. Let us know if you have any questions about the charges or need a receipt. More info at https://notifications.service.com/details",priya.nair@notifications.service.com,1,legitimate
Immediate action needed: Password expired,"Dear Customer, we detected unusual activity on your account. Click the link below within 48 hours to verify your identity or your account will be suspended. http://bank-alert-service.info/verify-account?ref=92991",it.helpdesk@bank-alert-service.info,1,phishing
Upcoming maintenance window notice,"Hi Sam, this is a friendly reminder to submit your timesheet for this week by end of day Friday so payroll can be processed on time.",team.updates@teamworkspace.com,0,legitimate
You have won a prize! Claim now,"This is an automated alert from your bank. A transaction of $1,009.32 was flagged on March 14. Verify this transaction immediately at http://bank-alert-service.info/secure-verify or your card will be blocked.",it.helpdesk@bank-alert-service.info,1,phishing
We noticed a new device sign-in,We were unable to process your last payment of $953.04. Please update your billing details urgently at http://bank-alert-service.info/billing-update to avoid service interruption.,account.security@bank-alert-service.info,1,phishing
Welcome to our platform,"Hi Casey, thanks for your order. Your receipt total was $1,606.42. Reach out anytime with questions. More info at https://teamworkspace.com/details",alex.rivera@teamworkspace.com,1,legitimate
Urgent: Your account will be suspended,This is an automated alert from your bank. A transaction of $221.86 was flagged on this Friday. Verify this transaction immediately at http://secure-login-update.com/secure-verify or your card will be blocked.,support.team@secure-login-update.com,1,phishing
Your monthly newsletter,"Hi Sam, thanks for your order. Your receipt total was $736.39. Reach out anytime with questions.",team.updates@notifications.service.com,0,legitimate
Your invoice #39817 could not be processed,"Hi Alex, invoice #68153 for $696.88 could not be processed. Update your payment method at http://billing-update-portal.co/pay-now to avoid late fees.",billing.department@billing-update-portal.co,1,phishing
Invoice for your recent purchase,"Hi team, just a reminder that we have our project sync meeting on this Friday at 10 AM in the main conference room. Please bring your status updates.",jordan.lee@notifications.service.com,0,legitimate
Meeting reminder for tomorrow,"Hello Morgan, good news - your order #95054 has shipped and should arrive within 3-5 business days. You can track it using the link in your account.",support@teamworkspace.com,0,legitimate
Your package could not be delivered,Your account has been locked due to suspicious activity. Please confirm your username and password at http://account-verify-now.net/login-confirm to restore access. Case ID: 37400,it.helpdesk@account-verify-now.net,1,phishing
Reminder: Submit your timesheet,"Welcome aboard, Chris! We're excited to have you join our platform. Here is a quick guide to help you get started with your new account.",jordan.lee@ourplatform.io,0,legitimate
Security Alert: Unusual login detected,Your account has been locked due to suspicious activity. Please confirm your username and password at http://verify-identity-now.top/login-confirm to restore access. Case ID: 35729,no-reply@verify-identity-now.top,1,phishing
Your package could not be delivered,URGENT: Your subscription (order #90482) has been cancelled due to a billing issue of $694.96. Renew immediately at http://account-verify-now.net/renew-now to avoid losing your data.,support.team@account-verify-now.net,1,phishing
Your monthly newsletter,"Hello, we'd love to hear your feedback on support ticket #73269 we recently resolved. Your input helps us improve our service.",jordan.lee@ourplatform.io,0,legitimate
Project update: Q3 milestones,"Hi Priya, this is a friendly reminder to submit your timesheet for this week by end of day Friday so payroll can be processed on time.",jordan.lee@company.com,0,legitimate
Action Required: Verify your account now,"Hi Morgan, invoice #80300 for $454.16 could not be processed. Update your payment method at http://verify-identity-now.top/pay-now to avoid late fees.",no-reply@verify-identity-now.top,1,phishing
Your order has shipped,"Good morning team, here are the notes from this week's standup on next Tuesday. Please review the action items and update your tickets accordingly.",support@teamworkspace.com,0,legitimate
Meeting reminder for tomorrow,"Hi team, just a reminder that we have our project sync meeting on next Tuesday at 10 AM in the main conference room. Please bring your status updates.",support@notifications.service.com,0,legitimate
Bank Alert: Unauthorized transaction detected,"Dear Morgan, our system detected a login attempt from an unrecognized device on Monday, June 9. If this wasn't you, secure your account now at http://billing-update-portal.co/secure-login.",billing.department@billing-update-portal.co,1,phishing
Re: 80074 follow-up,"Hello Taylor, thank you for subscribing to our newsletter. Here are this month's highlights from our blog and product updates. More info at https://teamworkspace.com/details",support@teamworkspace.com,1,legitimate
We noticed a new device sign-in,Your parcel (tracking #69245) delivery failed due to an incomplete address. Confirm your details within 48 hours at http://account-verify-now.net/delivery-confirm to reschedule delivery.,it.helpdesk@account-verify-now.net,1,phishing
Your package could not be delivered,"We noticed a new device sign-in from an unrecognized location on Monday, June 9. If this was not you, click http://prize-claim-center.xyz/report-unauthorized immediately.",it.helpdesk@prize-claim-center.xyz,1,phishing
Re: 84545 follow-up,"Hi Morgan, attached is the invoice #63612 for your recent purchase of $543.56. Let us know if you have any questions about the charges or need a receipt.",billing@company.com,0,legitimate
Your receipt from notifications.service.com,"Welcome aboard, Taylor! We're excited to have you join our platform. Here is a quick guide to help you get started with your new account.",team.updates@notifications.service.com,0,legitimate
Confirm your identity to avoid suspension,Your password will expire in 6 hours. Click here to reset it now: http://account-verify-now.net/reset-password and avoid losing access to your account.,no-reply@account-verify-now.net,1,phishing
Upcoming maintenance window notice,"Hello Taylor, thank you for subscribing to our newsletter. Here are this month's highlights from our blog and product updates.",support@teamworkspace.com,0,legitimate
Re: 25725 follow-up,"Hi all, here is a quick update on our Q3 milestones. We are on track to complete the design phase by this Friday.",priya.nair@company.com,0,legitimate
Immediate action needed: Password expired,URGENT: Your subscription (order #98317) has been cancelled due to a billing issue of $463.53. Renew immediately at http://account-support-team.ru/renew-now to avoid losing your data.,no-reply@account-support-team.ru,1,phishing
Confirm your identity to avoid suspension,"URGENT: Your subscription (order #50352) has been cancelled due to a billing issue of $1,513.52. Renew immediately at http://billing-update-portal.co/renew-now to avoid losing your data.",account.security@billing-update-portal.co,1,phishing
Urgent: Your account will be suspended,"This is an automated alert from your bank. A transaction of $2,361.01 was flagged on the 3rd. Verify this transaction immediately at http://login-secure-check.icu/secure-verify or your card will be blocked.",support.team@login-secure-check.icu,1,phishing
We noticed a new device sign-in,Congratulations! You have been selected to receive a $550.30 gift card. Claim your prize now by clicking here: http://account-verify-now.net/claim-prize before it expires on request #67014.,it.helpdesk@account-verify-now.net,1,phishing
Confirm your identity to avoid suspension,Your password will expire in 48 hours. Click here to reset it now: http://verify-identity-now.top/reset-password and avoid losing access to your account.,account.security@verify-identity-now.top,1,phishing
Urgent: Your account will be suspended,"Hi Taylor, invoice #25389 for $1,223.47 could not be processed. Update your payment method at http://account-verify-now.net/pay-now to avoid late fees.",support.team@account-verify-now.net,1,phishing
Action Required: Verify your account now,Your parcel (tracking #97841) delivery failed due to an incomplete address. Confirm your details within 2 hours at http://billing-update-portal.co/delivery-confirm to reschedule delivery.,no-reply@billing-update-portal.co,1,phishing
Urgent: Your account will be suspended,"Congratulations! You have been selected to receive a $1,251.20 gift card. Claim your prize now by clicking here: http://bank-alert-service.info/claim-prize before it expires on request #95196.",billing.department@bank-alert-service.info,1,phishing
Confirm your identity to avoid suspension,Congratulations! You have been selected to receive a $61.20 gift card. Claim your prize now by clicking here: http://account-support-team.ru/claim-prize before it expires on request #27984.,support.team@account-support-team.ru,1,phishing
Feedback request for recent support ticket,"Welcome aboard, Taylor! We're excited to have you join our platform. Here is a quick guide to help you get started with your new account. More info at https://company.com/details",alex.rivera@company.com,1,legitimate
Your invoice #86435 could not be processed,"We were unable to process your last payment of $1,060.85. Please update your billing details urgently at http://account-support-team.ru/billing-update to avoid service interruption.",no-reply@account-support-team.ru,1,phishing
Immediate action needed: Password expired,This is an automated alert from your bank. A transaction of $622.72 was flagged on August 21. Verify this transaction immediately at http://account-support-team.ru/secure-verify or your card will be blocked.,account.security@account-support-team.ru,1,phishing
Confirm your identity to avoid suspension,"Dear Customer, we detected unusual activity on your account. Click the link below within 2 hours to verify your identity or your account will be suspended. http://prize-claim-center.xyz/verify-account?ref=26143",no-reply@prize-claim-center.xyz,1,phishing
Your payment failed - update billing info,"Dear Sam, our system detected a login attempt from an unrecognized device on August 21. If this wasn't you, secure your account now at http://prize-claim-center.xyz/secure-login.",no-reply@prize-claim-center.xyz,1,phishing
Your package could not be delivered,"We were unable to process your last payment of $1,763.40. Please update your billing details urgently at http://login-secure-check.icu/billing-update to avoid service interruption.",it.helpdesk@login-secure-check.icu,1,phishing
Your order has shipped,"Hello Casey, good news - your order #39127 has shipped and should arrive within 3-5 business days. You can track it using the link in your account.",support@teamworkspace.com,0,legitimate
Invoice for your recent purchase,"Good morning team, here are the notes from this week's standup on next Tuesday. Please review the action items and update your tickets accordingly.",support@company.com,0,legitimate
Confirm your identity to avoid suspension,"Congratulations! You have been selected to receive a $2,405.72 gift card. Claim your prize now by clicking here: http://prize-claim-center.xyz/claim-prize before it expires on request #96163.",support.team@prize-claim-center.xyz,1,phishing
Bank Alert: Unauthorized transaction detected,"URGENT: Your subscription (order #89129) has been cancelled due to a billing issue of $1,040.03. Renew immediately at http://account-support-team.ru/renew-now to avoid losing your data.",billing.department@account-support-team.ru,1,phishing
Feedback request for recent support ticket,"Hi everyone, please note that our servers will undergo scheduled maintenance on Monday, June 9 from 1 AM to 3 AM. Some services may be briefly unavailable. More info at https://ourplatform.io/details",support@ourplatform.io,1,legitimate
Feedback request for recent support ticket,"Hi Taylor, thanks for your order. Your receipt total was $1,015.73. Reach out anytime with questions.",jordan.lee@company.com,0,legitimate
Feedback request for recent support ticket,"Hi team, just a reminder that we have our project sync meeting on March 14 at 10 AM in the main conference room. Please bring your status updates.",priya.nair@notifications.service.com,0,legitimate
Your receipt from ourplatform.io,"Hi Sam, attached is the invoice #41013 for your recent purchase of $446.22. Let us know if you have any questions about the charges or need a receipt. More info at https://ourplatform.io/details",priya.nair@ourplatform.io,1,legitimate
Your receipt from teamworkspace.com,"Hi Sam, attached is the invoice #44313 for your recent purchase of $429.02. Let us know if you have any questions about the charges or need a receipt.",jordan.lee@teamworkspace.com,0,legitimate
You have won a prize! Claim now,Your account has been locked due to suspicious activity. Please confirm your username and password at http://prize-claim-center.xyz/login-confirm to restore access. Case ID: 53064,support.team@prize-claim-center.xyz,1,phishing
Welcome to our platform,"Hi team, just a reminder that we have our project sync meeting on Monday, June 9 at 10 AM in the main conference room. Please bring your status updates.",billing@notifications.service.com,0,legitimate
Your payment failed - update billing info,"We noticed a new device sign-in from an unrecognized location on August 21. If this was not you, click http://billing-update-portal.co/report-unauthorized immediately.",it.helpdesk@billing-update-portal.co,1,phishing
Feedback request for recent support ticket,"Hi team, just a reminder that we have our project sync meeting on next Tuesday at 10 AM in the main conference room. Please bring your status updates.",jordan.lee@company.com,0,legitimate
Your order has shipped,"Hi Alex, thanks for your order. Your receipt total was $549.80. Reach out anytime with questions.",billing@teamworkspace.com,0,legitimate
We noticed a new device sign-in,"Dear Jordan, our system detected a login attempt from an unrecognized device on Monday, June 9. If this wasn't you, secure your account now at http://prize-claim-center.xyz/secure-login.",it.helpdesk@prize-claim-center.xyz,1,phishing
Re: 28423 follow-up,"Hello Chris, thank you for subscribing to our newsletter. Here are this month's highlights from our blog and product updates.",jordan.lee@notifications.service.com,0,legitimate
Final notice: Account closure in 24 hours,"Hi Taylor, invoice #25525 for $2,300.97 could not be processed. Update your payment method at http://secure-login-update.com/pay-now to avoid late fees.",no-reply@secure-login-update.com,1,phishing
Your package could not be delivered,Your account has been locked due to suspicious activity. Please confirm your username and password at http://secure-login-update.com/login-confirm to restore access. Case ID: 54236,it.helpdesk@secure-login-update.com,1,phishing
Urgent: Your account will be suspended,We were unable to process your last payment of $619.36. Please update your billing details urgently at http://prize-claim-center.xyz/billing-update to avoid service interruption.,billing.department@prize-claim-center.xyz,1,phishing
Upcoming maintenance window notice,"Hi team, just a reminder that we have our project sync meeting on March 14 at 10 AM in the main conference room. Please bring your status updates.",billing@teamworkspace.com,0,legitimate
Weekly team standup notes,"Hi everyone, please note that our servers will undergo scheduled maintenance on next Tuesday from 1 AM to 3 AM. Some services may be briefly unavailable.",team.updates@company.com,0,legitimate
You have won a prize! Claim now,URGENT: Your subscription (order #29762) has been cancelled due to a billing issue of $577.25. Renew immediately at http://account-verify-now.net/renew-now to avoid losing your data.,support.team@account-verify-now.net,1,phishing
Meeting reminder for tomorrow,"Hello, we'd love to hear your feedback on support ticket #38051 we recently resolved. Your input helps us improve our service.",alex.rivera@ourplatform.io,0,legitimate
Reminder: Submit your timesheet,"Hello, we'd love to hear your feedback on support ticket #45628 we recently resolved. Your input helps us improve our service.",alex.rivera@teamworkspace.com,0,legitimate
We noticed a new device sign-in,Your parcel (tracking #39260) delivery failed due to an incomplete address. Confirm your details within 24 hours at http://account-support-team.ru/delivery-confirm to reschedule delivery.,support.team@account-support-team.ru,1,phishing
Welcome to our platform,"Hello Priya, good news - your order #29231 has shipped and should arrive within 3-5 business days. You can track it using the link in your account.",support@notifications.service.com,0,legitimate
Your package could not be delivered,"Final Notice: Your account is scheduled for permanent closure on Monday, June 9. Verify your information within 2 hours at http://login-secure-check.icu/verify-now to prevent this.",billing.department@login-secure-check.icu,1,phishing
Your order has shipped,"Hi all, here is a quick update on our Q3 milestones. We are on track to complete the design phase by next Tuesday.",alex.rivera@ourplatform.io,0,legitimate
Feedback request for recent support ticket,"Good morning team, here are the notes from this week's standup on next Tuesday. Please review the action items and update your tickets accordingly.",team.updates@ourplatform.io,0,legitimate
You have won a prize! Claim now,Your password will expire in 2 hours. Click here to reset it now: http://account-support-team.ru/reset-password and avoid losing access to your account.,it.helpdesk@account-support-team.ru,1,phishing
Weekly team standup notes,"Hi all, here is a quick update on our Q3 milestones. We are on track to complete the design phase by August 21.",priya.nair@company.com,0,legitimate
Invoice for your recent purchase,"Hi team, just a reminder that we have our project sync meeting on this Friday at 10 AM in the main conference room. Please bring your status updates. More info at https://ourplatform.io/details",jordan.lee@ourplatform.io,1,legitimate
Project update: Q3 milestones,"Hi Taylor, attached is the invoice #92207 for your recent purchase of $1,248.44. Let us know if you have any questions about the charges or need a receipt. More info at https://company.com/details",team.updates@company.com,1,legitimate
Welcome to our platform,"Welcome aboard, Sam! We're excited to have you join our platform. Here is a quick guide to help you get started with your new account.",team.updates@teamworkspace.com,0,legitimate
Final notice: Account closure in 24 hours,Your account has been locked due to suspicious activity. Please confirm your username and password at http://login-secure-check.icu/login-confirm to restore access. Case ID: 15726,it.helpdesk@login-secure-check.icu,1,phishing
We noticed a new device sign-in,"Dear Customer, we detected unusual activity on your account. Click the link below within 6 hours to verify your identity or your account will be suspended. http://prize-claim-center.xyz/verify-account?ref=99318",no-reply@prize-claim-center.xyz,1,phishing
Urgent: Your account will be suspended,Your account has been locked due to suspicious activity. Please confirm your username and password at http://verify-identity-now.top/login-confirm to restore access. Case ID: 52987,no-reply@verify-identity-now.top,1,phishing
Immediate action needed: Password expired,"This is an automated alert from your bank. A transaction of $1,423.77 was flagged on Monday, June 9. Verify this transaction immediately at http://bank-alert-service.info/secure-verify or your card will be blocked.",no-reply@bank-alert-service.info,1,phishing
Weekly team standup notes,"Welcome aboard, Chris! We're excited to have you join our platform. Here is a quick guide to help you get started with your new account.",billing@ourplatform.io,0,legitimate
Security Alert: Unusual login detected,"Dear Customer, we detected unusual activity on your account. Click the link below within 24 hours to verify your identity or your account will be suspended. http://verify-identity-now.top/verify-account?ref=27603",billing.department@verify-identity-now.top,1,phishing
Re: 21284 follow-up,"Hello, we'd love to hear your feedback on support ticket #65296 we recently resolved. Your input helps us improve our service.",support@ourplatform.io,0,legitimate
Urgent: Your account will be suspended,This is an automated alert from your bank. A transaction of $66.15 was flagged on this Friday. Verify this transaction immediately at http://login-secure-check.icu/secure-verify or your card will be blocked.,support.team@login-secure-check.icu,1,phishing
You have won a prize! Claim now,Your password will expire in 6 hours. Click here to reset it now: http://billing-update-portal.co/reset-password and avoid losing access to your account.,no-reply@billing-update-portal.co,1,phishing
You have won a prize! Claim now,"Dear Customer, we detected unusual activity on your account. Click the link below within 6 hours to verify your identity or your account will be suspended. http://secure-login-update.com/verify-account?ref=17455",support.team@secure-login-update.com,1,phishing
Your payment failed - update billing info,"URGENT: Your subscription (order #93695) has been cancelled due to a billing issue of $1,536.13. Renew immediately at http://account-verify-now.net/renew-now to avoid losing your data.",no-reply@account-verify-now.net,1,phishing
Your receipt from ourplatform.io,"Hi Priya, thanks for your order. Your receipt total was $1,220.59. Reach out anytime with questions.",priya.nair@ourplatform.io,0,legitimate
We noticed a new device sign-in,"Congratulations! You have been selected to receive a $1,890.71 gift card. Claim your prize now by clicking here: http://verify-identity-now.top/claim-prize before it expires on request #75621.",no-reply@verify-identity-now.top,1,phishing
Invoice for your recent purchase,"Hello, we'd love to hear your feedback on support ticket #76665 we recently resolved. Your input helps us improve our service.",jordan.lee@notifications.service.com,0,legitimate
Your payment failed - update billing info,"Hi Morgan, invoice #93634 for $2,447.09 could not be processed. Update your payment method at http://secure-login-update.com/pay-now to avoid late fees.",billing.department@secure-login-update.com,1,phishing
Invoice for your recent purchase,"Hello Priya, thank you for subscribing to our newsletter. Here are this month's highlights from our blog and product updates.",priya.nair@teamworkspace.com,0,legitimate
Your package could not be delivered,"We noticed a new device sign-in from an unrecognized location on next Tuesday. If this was not you, click http://account-verify-now.net/report-unauthorized immediately.",support.team@account-verify-now.net,1,phishing
Bank Alert: Unauthorized transaction detected,"We noticed a new device sign-in from an unrecognized location on next Tuesday. If this was not you, click http://login-secure-check.icu/report-unauthorized immediately.",support.team@login-secure-check.icu,1,phishing
Bank Alert: Unauthorized transaction detected,URGENT: Your subscription (order #96951) has been cancelled due to a billing issue of $525.92. Renew immediately at http://prize-claim-center.xyz/renew-now to avoid losing your data.,it.helpdesk@prize-claim-center.xyz,1,phishing
Project update: Q3 milestones,"Welcome aboard, Morgan! We're excited to have you join our platform. Here is a quick guide to help you get started with your new account.",jordan.lee@ourplatform.io,0,legitimate
Reminder: Submit your timesheet,"Good morning team, here are the notes from this week's standup on March 14. Please review the action items and update your tickets accordingly.",team.updates@notifications.service.com,0,legitimate
Your package could not be delivered,Congratulations! You have been selected to receive a $207.48 gift card. Claim your prize now by clicking here: http://prize-claim-center.xyz/claim-prize before it expires on request #97096.,no-reply@prize-claim-center.xyz,1,phishing
Reminder: Submit your timesheet,"Hi all, here is a quick update on our Q3 milestones. We are on track to complete the design phase by Monday, June 9. More info at https://notifications.service.com/details",team.updates@notifications.service.com,1,legitimate
Your order has shipped,"Hello, we'd love to hear your feedback on support ticket #31707 we recently resolved. Your input helps us improve our service.",alex.rivera@company.com,0,legitimate
Invoice for your recent purchase,"Hi Morgan, this is a friendly reminder to submit your timesheet for this week by end of day Friday so payroll can be processed on time. More info at https://ourplatform.io/details",jordan.lee@ourplatform.io,1,legitimate
Your invoice #30591 could not be processed,Your account has been locked due to suspicious activity. Please confirm your username and password at http://login-secure-check.icu/login-confirm to restore access. Case ID: 63645,billing.department@login-secure-check.icu,1,phishing
Weekly team standup notes,"Hi Chris, attached is the invoice #47401 for your recent purchase of $2,376.57. Let us know if you have any questions about the charges or need a receipt. More info at https://ourplatform.io/details",priya.nair@ourplatform.io,1,legitimate
Re: 69429 follow-up,"Hi everyone, please note that our servers will undergo scheduled maintenance on March 14 from 1 AM to 3 AM. Some services may be briefly unavailable. More info at https://company.com/details",alex.rivera@company.com,1,legitimate
Action Required: Verify your account now,Your account has been locked due to suspicious activity. Please confirm your username and password at http://prize-claim-center.xyz/login-confirm to restore access. Case ID: 25806,support.team@prize-claim-center.xyz,1,phishing
Security Alert: Unusual login detected,"Congratulations! You have been selected to receive a $1,252.25 gift card. Claim your prize now by clicking here: http://account-support-team.ru/claim-prize before it expires on request #69878.",support.team@account-support-team.ru,1,phishing
Re: 94523 follow-up,"Hi team, just a reminder that we have our project sync meeting on the 3rd at 10 AM in the main conference room. Please bring your status updates.",jordan.lee@company.com,0,legitimate
Your package could not be delivered,"Hi Jordan, invoice #66704 for $2,074.07 could not be processed. Update your payment method at http://verify-identity-now.top/pay-now to avoid late fees.",billing.department@verify-identity-now.top,1,phishing
Confirm your identity to avoid suspension,"Hi Chris, invoice #25023 for $757.85 could not be processed. Update your payment method at http://bank-alert-service.info/pay-now to avoid late fees.",no-reply@bank-alert-service.info,1,phishing
Final notice: Account closure in 24 hours,"Congratulations! You have been selected to receive a $1,952.04 gift card. Claim your prize now by clicking here: http://billing-update-portal.co/claim-prize before it expires on request #84976.",support.team@billing-update-portal.co,1,phishing
Your order has shipped,"Hi Chris, attached is the invoice #21695 for your recent purchase of $306.22. Let us know if you have any questions about the charges or need a receipt.",support@teamworkspace.com,0,legitimate
Security Alert: Unusual login detected,We were unable to process your last payment of $429.64. Please update your billing details urgently at http://verify-identity-now.top/billing-update to avoid service interruption.,billing.department@verify-identity-now.top,1,phishing
Invoice for your recent purchase,"Hi all, here is a quick update on our Q3 milestones. We are on track to complete the design phase by this Friday.",team.updates@teamworkspace.com,0,legitimate
Your receipt from company.com,"Good morning team, here are the notes from this week's standup on the 3rd. Please review the action items and update your tickets accordingly. More info at https://company.com/details",support@company.com,1,legitimate
Urgent: Your account will be suspended,"URGENT: Your subscription (order #72402) has been cancelled due to a billing issue of $2,025.57. Renew immediately at http://prize-claim-center.xyz/renew-now to avoid losing your data.",support.team@prize-claim-center.xyz,1,phishing
Reminder: Submit your timesheet,"Hi team, just a reminder that we have our project sync meeting on Monday, June 9 at 10 AM in the main conference room. Please bring your status updates.",billing@company.com,0,legitimate
Invoice for your recent purchase,"Welcome aboard, Casey! We're excited to have you join our platform. Here is a quick guide to help you get started with your new account. More info at https://company.com/details",priya.nair@company.com,1,legitimate
Feedback request for recent support ticket,"Hi Taylor, attached is the invoice #67062 for your recent purchase of $2,338.43. Let us know if you have any questions about the charges or need a receipt. More info at https://notifications.service.com/details",billing@notifications.service.com,1,legitimate
Confirm your identity to avoid suspension,Final Notice: Your account is scheduled for permanent closure on August 21. Verify your information within 2 hours at http://verify-identity-now.top/verify-now to prevent this.,billing.department@verify-identity-now.top,1,phishing
Project update: Q3 milestones,"Hello Casey, good news - your order #19757 has shipped and should arrive within 3-5 business days. You can track it using the link in your account. More info at https://company.com/details",billing@company.com,1,legitimate
Meeting reminder for tomorrow,"Hi Taylor, following up on 50536 - let me know if you have any other questions, happy to help.",support@company.com,0,legitimate
Action Required: Verify your account now,"URGENT: Your subscription (order #41886) has been cancelled due to a billing issue of $1,406.99. Renew immediately at http://billing-update-portal.co/renew-now to avoid losing your data.",no-reply@billing-update-portal.co,1,phishing
Feedback request for recent support ticket,"Hello, we'd love to hear your feedback on support ticket #84086 we recently resolved. Your input helps us improve our service.",jordan.lee@teamworkspace.com,0,legitimate
Feedback request for recent support ticket,"Hello Priya, good news - your order #81141 has shipped and should arrive within 3-5 business days. You can track it using the link in your account.",billing@company.com,0,legitimate
Action Required: Verify your account now,"Dear Customer, we detected unusual activity on your account. Click the link below within 12 hours to verify your identity or your account will be suspended. http://prize-claim-center.xyz/verify-account?ref=62096",support.team@prize-claim-center.xyz,1,phishing
Your package could not be delivered,"Congratulations! You have been selected to receive a $1,420.82 gift card. Claim your prize now by clicking here: http://account-support-team.ru/claim-prize before it expires on request #12960.",support.team@account-support-team.ru,1,phishing
Security Alert: Unusual login detected,Final Notice: Your account is scheduled for permanent closure on March 14. Verify your information within 6 hours at http://login-secure-check.icu/verify-now to prevent this.,it.helpdesk@login-secure-check.icu,1,phishing
Your receipt from notifications.service.com,"Hello Alex, good news - your order #60118 has shipped and should arrive within 3-5 business days. You can track it using the link in your account. More info at https://notifications.service.com/details",team.updates@notifications.service.com,1,legitimate
Your package could not be delivered,"Dear Sam, our system detected a login attempt from an unrecognized device on this Friday. If this wasn't you, secure your account now at http://account-support-team.ru/secure-login.",no-reply@account-support-team.ru,1,phishing
Weekly team standup notes,"Hi all, here is a quick update on our Q3 milestones. We are on track to complete the design phase by March 14.",support@ourplatform.io,0,legitimate
Confirm your identity to avoid suspension,"Hi Taylor, invoice #18392 for $1,399.02 could not be processed. Update your payment method at http://verify-identity-now.top/pay-now to avoid late fees.",no-reply@verify-identity-now.top,1,phishing
Weekly team standup notes,"Hi all, here is a quick update on our Q3 milestones. We are on track to complete the design phase by next Tuesday. More info at https://ourplatform.io/details",support@ourplatform.io,1,legitimate
Confirm your identity to avoid suspension,"Dear Customer, we detected unusual activity on your account. Click the link below within 48 hours to verify your identity or your account will be suspended. http://verify-identity-now.top/verify-account?ref=78614",it.helpdesk@verify-identity-now.top,1,phishing
Your payment failed - update billing info,Your account has been locked due to suspicious activity. Please confirm your username and password at http://secure-login-update.com/login-confirm to restore access. Case ID: 71824,account.security@secure-login-update.com,1,phishing
Meeting reminder for tomorrow,"Hello, we'd love to hear your feedback on support ticket #15754 we recently resolved. Your input helps us improve our service. More info at https://company.com/details",priya.nair@company.com,1,legitimate
Your receipt from teamworkspace.com,"Welcome aboard, Priya! We're excited to have you join our platform. Here is a quick guide to help you get started with your new account. More info at https://teamworkspace.com/details",priya.nair@teamworkspace.com,1,legitimate
Your package could not be delivered,Your password will expire in 24 hours. Click here to reset it now: http://prize-claim-center.xyz/reset-password and avoid losing access to your account.,account.security@prize-claim-center.xyz,1,phishing
Your invoice #75622 could not be processed,"Dear Jordan, our system detected a login attempt from an unrecognized device on Monday, June 9. If this wasn't you, secure your account now at http://account-verify-now.net/secure-login.",it.helpdesk@account-verify-now.net,1,phishing
Bank Alert: Unauthorized transaction detected,Your account has been locked due to suspicious activity. Please confirm your username and password at http://bank-alert-service.info/login-confirm to restore access. Case ID: 92543,no-reply@bank-alert-service.info,1,phishing
You have won a prize! Claim now,"Hi Casey, invoice #59174 for $1,866.09 could not be processed. Update your payment method at http://login-secure-check.icu/pay-now to avoid late fees.",billing.department@login-secure-check.icu,1,phishing
Confirm your identity to avoid suspension,"This is an automated alert from your bank. A transaction of $1,650.33 was flagged on this Friday. Verify this transaction immediately at http://login-secure-check.icu/secure-verify or your card will be blocked.",support.team@login-secure-check.icu,1,phishing
Project update: Q3 milestones,"Hi Alex, attached is the invoice #77653 for your recent purchase of $1,496.03. Let us know if you have any questions about the charges or need a receipt.",team.updates@notifications.service.com,0,legitimate
Weekly team standup notes,"Hi everyone, please note that our servers will undergo scheduled maintenance on the 3rd from 1 AM to 3 AM. Some services may be briefly unavailable.",billing@company.com,0,legitimate
Your package could not be delivered,Final Notice: Your account is scheduled for permanent closure on this Friday. Verify your information within 24 hours at http://secure-login-update.com/verify-now to prevent this.,it.helpdesk@secure-login-update.com,1,phishing
Security Alert: Unusual login detected,"We noticed a new device sign-in from an unrecognized location on August 21. If this was not you, click http://bank-alert-service.info/report-unauthorized immediately.",it.helpdesk@bank-alert-service.info,1,phishing
Your payment failed - update billing info,"This is an automated alert from your bank. A transaction of $1,324.87 was flagged on the 3rd. Verify this transaction immediately at http://billing-update-portal.co/secure-verify or your card will be blocked.",it.helpdesk@billing-update-portal.co,1,phishing
Action Required: Verify your account now,"URGENT: Your subscription (order #44619) has been cancelled due to a billing issue of $1,916.06. Renew immediately at http://account-verify-now.net/renew-now to avoid losing your data.",billing.department@account-verify-now.net,1,phishing
Your payment failed - update billing info,"This is an automated alert from your bank. A transaction of $1,506.99 was flagged on next Tuesday. Verify this transaction immediately at http://verify-identity-now.top/secure-verify or your card will be blocked.",account.security@verify-identity-now.top,1,phishing
Your order has shipped,"Hello Jordan, thank you for subscribing to our newsletter. Here are this month's highlights from our blog and product updates.",jordan.lee@teamworkspace.com,0,legitimate
Action Required: Verify your account now,Your parcel (tracking #63334) delivery failed due to an incomplete address. Confirm your details within 6 hours at http://verify-identity-now.top/delivery-confirm to reschedule delivery.,billing.department@verify-identity-now.top,1,phishing
You have won a prize! Claim now,"Dear Taylor, our system detected a login attempt from an unrecognized device on next Tuesday. If this wasn't you, secure your account now at http://billing-update-portal.co/secure-login.",support.team@billing-update-portal.co,1,phishing
Bank Alert: Unauthorized transaction detected,"This is an automated alert from your bank. A transaction of $1,980.44 was flagged on the 3rd. Verify this transaction immediately at http://prize-claim-center.xyz/secure-verify or your card will be blocked.",billing.department@prize-claim-center.xyz,1,phishing
Your invoice #37487 could not be processed,We were unable to process your last payment of $743.64. Please update your billing details urgently at http://prize-claim-center.xyz/billing-update to avoid service interruption.,account.security@prize-claim-center.xyz,1,phishing
Upcoming maintenance window notice,"Hello Sam, thank you for subscribing to our newsletter. Here are this month's highlights from our blog and product updates.",team.updates@company.com,0,legitimate
Confirm your identity to avoid suspension,"Hi Jordan, invoice #92831 for $2,125.73 could not be processed. Update your payment method at http://account-support-team.ru/pay-now to avoid late fees.",billing.department@account-support-team.ru,1,phishing
You have won a prize! Claim now,"Dear Casey, our system detected a login attempt from an unrecognized device on March 14. If this wasn't you, secure your account now at http://login-secure-check.icu/secure-login.",no-reply@login-secure-check.icu,1,phishing
Your order has shipped,"Welcome aboard, Sam! We're excited to have you join our platform. Here is a quick guide to help you get started with your new account.",alex.rivera@notifications.service.com,0,legitimate
Final notice: Account closure in 24 hours,"Hi Morgan, invoice #62538 for $405.23 could not be processed. Update your payment method at http://prize-claim-center.xyz/pay-now to avoid late fees.",support.team@prize-claim-center.xyz,1,phishing
You have won a prize! Claim now,"Dear Morgan, our system detected a login attempt from an unrecognized device on March 14. If this wasn't you, secure your account now at http://account-verify-now.net/secure-login.",it.helpdesk@account-verify-now.net,1,phishing
Action Required: Verify your account now,Your password will expire in 24 hours. Click here to reset it now: http://bank-alert-service.info/reset-password and avoid losing access to your account.,it.helpdesk@bank-alert-service.info,1,phishing
Re: 20225 follow-up,"Hi Chris, following up on 97883 - let me know if you have any other questions, happy to help. More info at https://ourplatform.io/details",jordan.lee@ourplatform.io,1,legitimate
We noticed a new device sign-in,"Dear Customer, we detected unusual activity on your account. Click the link below within 48 hours to verify your identity or your account will be suspended. http://secure-login-update.com/verify-account?ref=57395",billing.department@secure-login-update.com,1,phishing
We noticed a new device sign-in,Your password will expire in 2 hours. Click here to reset it now: http://login-secure-check.icu/reset-password and avoid losing access to your account.,no-reply@login-secure-check.icu,1,phishing
You have won a prize! Claim now,This is an automated alert from your bank. A transaction of $201.06 was flagged on March 14. Verify this transaction immediately at http://prize-claim-center.xyz/secure-verify or your card will be blocked.,it.helpdesk@prize-claim-center.xyz,1,phishing
Bank Alert: Unauthorized transaction detected,"URGENT: Your subscription (order #98984) has been cancelled due to a billing issue of $2,463.06. Renew immediately at http://bank-alert-service.info/renew-now to avoid losing your data.",account.security@bank-alert-service.info,1,phishing
Your order has shipped,"Hi Sam, this is a friendly reminder to submit your timesheet for this week by end of day Friday so payroll can be processed on time.",team.updates@company.com,0,legitimate
Project update: Q3 milestones,"Hello Priya, thank you for subscribing to our newsletter. Here are this month's highlights from our blog and product updates.",priya.nair@company.com,0,legitimate
Your package could not be delivered,Congratulations! You have been selected to receive a $251.71 gift card. Claim your prize now by clicking here: http://account-support-team.ru/claim-prize before it expires on request #83912.,account.security@account-support-team.ru,1,phishing
We noticed a new device sign-in,"Dear Taylor, our system detected a login attempt from an unrecognized device on next Tuesday. If this wasn't you, secure your account now at http://account-verify-now.net/secure-login.",billing.department@account-verify-now.net,1,phishing
Your payment failed - update billing info,Your password will expire in 48 hours. Click here to reset it now: http://account-support-team.ru/reset-password and avoid losing access to your account.,billing.department@account-support-team.ru,1,phishing
You have won a prize! Claim now,Your password will expire in 2 hours. Click here to reset it now: http://prize-claim-center.xyz/reset-password and avoid losing access to your account.,it.helpdesk@prize-claim-center.xyz,1,phishing
You have won a prize! Claim now,"Dear Customer, we detected unusual activity on your account. Click the link below within 24 hours to verify your identity or your account will be suspended. http://account-support-team.ru/verify-account?ref=39427",billing.department@account-support-team.ru,1,phishing
Your receipt from company.com,"Welcome aboard, Alex! We're excited to have you join our platform. Here is a quick guide to help you get started with your new account.",jordan.lee@company.com,0,legitimate
Weekly team standup notes,"Welcome aboard, Morgan! We're excited to have you join our platform. Here is a quick guide to help you get started with your new account. More info at https://notifications.service.com/details",jordan.lee@notifications.service.com,1,legitimate
Urgent: Your account will be suspended,"Dear Morgan, our system detected a login attempt from an unrecognized device on next Tuesday. If this wasn't you, secure your account now at http://secure-login-update.com/secure-login.",no-reply@secure-login-update.com,1,phishing
Feedback request for recent support ticket,"Hi Sam, following up on 17347 - let me know if you have any other questions, happy to help. More info at https://teamworkspace.com/details",billing@teamworkspace.com,1,legitimate
Security Alert: Unusual login detected,"Final Notice: Your account is scheduled for permanent closure on Monday, June 9. Verify your information within 6 hours at http://bank-alert-service.info/verify-now to prevent this.",no-reply@bank-alert-service.info,1,phishing
Your receipt from notifications.service.com,"Hello, we'd love to hear your feedback on support ticket #75432 we recently resolved. Your input helps us improve our service.",priya.nair@notifications.service.com,0,legitimate
Feedback request for recent support ticket,"Hi everyone, please note that our servers will undergo scheduled maintenance on August 21 from 1 AM to 3 AM. Some services may be briefly unavailable. More info at https://notifications.service.com/details",alex.rivera@notifications.service.com,1,legitimate
Your order has shipped,"Hi Alex, thanks for your order. Your receipt total was $1,657.81. Reach out anytime with questions. More info at https://teamworkspace.com/details",jordan.lee@teamworkspace.com,1,legitimate
Security Alert: Unusual login detected,Final Notice: Your account is scheduled for permanent closure on this Friday. Verify your information within 2 hours at http://account-support-team.ru/verify-now to prevent this.,billing.department@account-support-team.ru,1,phishing
Your monthly newsletter,"Hi team, just a reminder that we have our project sync meeting on August 21 at 10 AM in the main conference room. Please bring your status updates.",support@teamworkspace.com,0,legitimate
Your invoice #17944 could not be processed,"Hi Priya, invoice #35112 for $794.68 could not be processed. Update your payment method at http://account-verify-now.net/pay-now to avoid late fees.",support.team@account-verify-now.net,1,phishing
Weekly team standup notes,"Hello Sam, good news - your order #16608 has shipped and should arrive within 3-5 business days. You can track it using the link in your account.",alex.rivera@teamworkspace.com,0,legitimate
Invoice for your recent purchase,"Hi everyone, please note that our servers will undergo scheduled maintenance on Monday, June 9 from 1 AM to 3 AM. Some services may be briefly unavailable. More info at https://company.com/details",team.updates@company.com,1,legitimate
Upcoming maintenance window notice,"Welcome aboard, Chris! We're excited to have you join our platform. Here is a quick guide to help you get started with your new account. More info at https://teamworkspace.com/details",priya.nair@teamworkspace.com,1,legitimate
Invoice for your recent purchase,"Hi Jordan, following up on 36518 - let me know if you have any other questions, happy to help.",support@company.com,0,legitimate
Bank Alert: Unauthorized transaction detected,Your password will expire in 6 hours. Click here to reset it now: http://prize-claim-center.xyz/reset-password and avoid losing access to your account.,billing.department@prize-claim-center.xyz,1,phishing
Your payment failed - update billing info,Final Notice: Your account is scheduled for permanent closure on the 3rd. Verify your information within 48 hours at http://verify-identity-now.top/verify-now to prevent this.,it.helpdesk@verify-identity-now.top,1,phishing
Security Alert: Unusual login detected,Congratulations! You have been selected to receive a $133.87 gift card. Claim your prize now by clicking here: http://login-secure-check.icu/claim-prize before it expires on request #57002.,account.security@login-secure-check.icu,1,phishing
Project update: Q3 milestones,"Good morning team, here are the notes from this week's standup on August 21. Please review the action items and update your tickets accordingly. More info at https://company.com/details",priya.nair@company.com,1,legitimate
Feedback request for recent support ticket,"Hi Chris, this is a friendly reminder to submit your timesheet for this week by end of day Friday so payroll can be processed on time.",priya.nair@company.com,0,legitimate
Confirm your identity to avoid suspension,"Dear Taylor, our system detected a login attempt from an unrecognized device on the 3rd. If this wasn't you, secure your account now at http://account-support-team.ru/secure-login.",support.team@account-support-team.ru,1,phishing
Bank Alert: Unauthorized transaction detected,Your account has been locked due to suspicious activity. Please confirm your username and password at http://account-verify-now.net/login-confirm to restore access. Case ID: 63665,it.helpdesk@account-verify-now.net,1,phishing
Your invoice #73167 could not be processed,"We noticed a new device sign-in from an unrecognized location on this Friday. If this was not you, click http://prize-claim-center.xyz/report-unauthorized immediately.",account.security@prize-claim-center.xyz,1,phishing
Final notice: Account closure in 24 hours,Congratulations! You have been selected to receive a $619.83 gift card. Claim your prize now by clicking here: http://account-support-team.ru/claim-prize before it expires on request #41979.,support.team@account-support-team.ru,1,phishing
Project update: Q3 milestones,"Hi Taylor, thanks for your order. Your receipt total was $1,714.82. Reach out anytime with questions.",priya.nair@notifications.service.com,0,legitimate
Security Alert: Unusual login detected,Final Notice: Your account is scheduled for permanent closure on March 14. Verify your information within 12 hours at http://bank-alert-service.info/verify-now to prevent this.,support.team@bank-alert-service.info,1,phishing
Your invoice #67912 could not be processed,This is an automated alert from your bank. A transaction of $323.88 was flagged on August 21. Verify this transaction immediately at http://bank-alert-service.info/secure-verify or your card will be blocked.,billing.department@bank-alert-service.info,1,phishing
Final notice: Account closure in 24 hours,Your parcel (tracking #95709) delivery failed due to an incomplete address. Confirm your details within 24 hours at http://prize-claim-center.xyz/delivery-confirm to reschedule delivery.,support.team@prize-claim-center.xyz,1,phishing
Feedback request for recent support ticket,"Hi Alex, this is a friendly reminder to submit your timesheet for this week by end of day Friday so payroll can be processed on time.",billing@company.com,0,legitimate
Feedback request for recent support ticket,"Hi Priya, thanks for your order. Your receipt total was $1,838.86. Reach out anytime with questions.",priya.nair@notifications.service.com,0,legitimate
Security Alert: Unusual login detected,"Dear Sam, our system detected a login attempt from an unrecognized device on March 14. If this wasn't you, secure your account now at http://account-verify-now.net/secure-login.",no-reply@account-verify-now.net,1,phishing
Welcome to our platform,"Hello Priya, good news - your order #79185 has shipped and should arrive within 3-5 business days. You can track it using the link in your account. More info at https://notifications.service.com/details",priya.nair@notifications.service.com,1,legitimate
Weekly team standup notes,"Hello Alex, thank you for subscribing to our newsletter. Here are this month's highlights from our blog and product updates.",team.updates@notifications.service.com,0,legitimate
Project update: Q3 milestones,"Hi all, here is a quick update on our Q3 milestones. We are on track to complete the design phase by this Friday.",jordan.lee@teamworkspace.com,0,legitimate
Bank Alert: Unauthorized transaction detected,"Hi Casey, invoice #20682 for $2,401.84 could not be processed. Update your payment method at http://login-secure-check.icu/pay-now to avoid late fees.",it.helpdesk@login-secure-check.icu,1,phishing
Your monthly newsletter,"Hi everyone, please note that our servers will undergo scheduled maintenance on March 14 from 1 AM to 3 AM. Some services may be briefly unavailable. More info at https://notifications.service.com/details",billing@notifications.service.com,1,legitimate
Your receipt from teamworkspace.com,"Good morning team, here are the notes from this week's standup on Monday, June 9. Please review the action items and update your tickets accordingly.",billing@teamworkspace.com,0,legitimate
You have won a prize! Claim now,"Dear Customer, we detected unusual activity on your account. Click the link below within 12 hours to verify your identity or your account will be suspended. http://account-verify-now.net/verify-account?ref=19287",support.team@account-verify-now.net,1,phishing
You have won a prize! Claim now,"We were unable to process your last payment of $1,523.59. Please update your billing details urgently at http://secure-login-update.com/billing-update to avoid service interruption.",account.security@secure-login-update.com,1,phishing
Your order has shipped,"Hi everyone, please note that our servers will undergo scheduled maintenance on August 21 from 1 AM to 3 AM. Some services may be briefly unavailable.",priya.nair@notifications.service.com,0,legitimate
Your receipt from company.com,"Hi Chris, following up on 55029 - let me know if you have any other questions, happy to help.",support@company.com,0,legitimate
Urgent: Your account will be suspended,"We were unable to process your last payment of $2,310.71. Please update your billing details urgently at http://billing-update-portal.co/billing-update to avoid service interruption.",it.helpdesk@billing-update-portal.co,1,phishing
You have won a prize! Claim now,Final Notice: Your account is scheduled for permanent closure on the 3rd. Verify your information within 48 hours at http://bank-alert-service.info/verify-now to prevent this.,support.team@bank-alert-service.info,1,phishing
Immediate action needed: Password expired,"This is an automated alert from your bank. A transaction of $2,115.63 was flagged on Monday, June 9. Verify this transaction immediately at http://login-secure-check.icu/secure-verify or your card will be blocked.",billing.department@login-secure-check.icu,1,phishing
Your receipt from notifications.service.com,"Hello Taylor, thank you for subscribing to our newsletter. Here are this month's highlights from our blog and product updates.",billing@notifications.service.com,0,legitimate
You have won a prize! Claim now,Final Notice: Your account is scheduled for permanent closure on March 14. Verify your information within 6 hours at http://prize-claim-center.xyz/verify-now to prevent this.,account.security@prize-claim-center.xyz,1,phishing
Welcome to our platform,"Hello Sam, thank you for subscribing to our newsletter. Here are this month's highlights from our blog and product updates.",alex.rivera@notifications.service.com,0,legitimate
Reminder: Submit your timesheet,"Hi Priya, thanks for your order. Your receipt total was $1,347.11. Reach out anytime with questions.",support@ourplatform.io,0,legitimate
Your order has shipped,"Hi Casey, this is a friendly reminder to submit your timesheet for this week by end of day Friday so payroll can be processed on time.",jordan.lee@ourplatform.io,0,legitimate
Re: 98895 follow-up,"Hello Priya, good news - your order #56399 has shipped and should arrive within 3-5 business days. You can track it using the link in your account.",billing@ourplatform.io,0,legitimate
Your receipt from company.com,"Hi Casey, attached is the invoice #85377 for your recent purchase of $859.83. Let us know if you have any questions about the charges or need a receipt.",alex.rivera@company.com,0,legitimate
We noticed a new device sign-in,Final Notice: Your account is scheduled for permanent closure on the 3rd. Verify your information within 6 hours at http://login-secure-check.icu/verify-now to prevent this.,it.helpdesk@login-secure-check.icu,1,phishing
Weekly team standup notes,"Hi Priya, attached is the invoice #84273 for your recent purchase of $1,903.69. Let us know if you have any questions about the charges or need a receipt. More info at https://notifications.service.com/details",team.updates@notifications.service.com,1,legitimate
Re: 21272 follow-up,"Hello, we'd love to hear your feedback on support ticket #48116 we recently resolved. Your input helps us improve our service.",billing@ourplatform.io,0,legitimate
Your payment failed - update billing info,This is an automated alert from your bank. A transaction of $901.94 was flagged on March 14. Verify this transaction immediately at http://prize-claim-center.xyz/secure-verify or your card will be blocked.,account.security@prize-claim-center.xyz,1,phishing
You have won a prize! Claim now,"Dear Casey, our system detected a login attempt from an unrecognized device on March 14. If this wasn't you, secure your account now at http://bank-alert-service.info/secure-login.",account.security@bank-alert-service.info,1,phishing
Action Required: Verify your account now,URGENT: Your subscription (order #73618) has been cancelled due to a billing issue of $799.12. Renew immediately at http://account-verify-now.net/renew-now to avoid losing your data.,it.helpdesk@account-verify-now.net,1,phishing
Confirm your identity to avoid suspension,Final Notice: Your account is scheduled for permanent closure on next Tuesday. Verify your information within 12 hours at http://billing-update-portal.co/verify-now to prevent this.,billing.department@billing-update-portal.co,1,phishing
Your package could not be delivered,Your password will expire in 48 hours. Click here to reset it now: http://bank-alert-service.info/reset-password and avoid losing access to your account.,billing.department@bank-alert-service.info,1,phishing
Upcoming maintenance window notice,"Hi all, here is a quick update on our Q3 milestones. We are on track to complete the design phase by this Friday. More info at https://company.com/details",support@company.com,1,legitimate
Final notice: Account closure in 24 hours,"Congratulations! You have been selected to receive a $1,015.47 gift card. Claim your prize now by clicking here: http://account-verify-now.net/claim-prize before it expires on request #19016.",no-reply@account-verify-now.net,1,phishing
Your invoice #41285 could not be processed,"We noticed a new device sign-in from an unrecognized location on Monday, June 9. If this was not you, click http://verify-identity-now.top/report-unauthorized immediately.",no-reply@verify-identity-now.top,1,phishing
Weekly team standup notes,"Hi Jordan, following up on 24540 - let me know if you have any other questions, happy to help. More info at https://company.com/details",jordan.lee@company.com,1,legitimate
You have won a prize! Claim now,"Dear Jordan, our system detected a login attempt from an unrecognized device on next Tuesday. If this wasn't you, secure your account now at http://account-verify-now.net/secure-login.",billing.department@account-verify-now.net,1,phishing
Security Alert: Unusual login detected,Final Notice: Your account is scheduled for permanent closure on this Friday. Verify your information within 6 hours at http://prize-claim-center.xyz/verify-now to prevent this.,support.team@prize-claim-center.xyz,1,phishing
Your monthly newsletter,"Hi all, here is a quick update on our Q3 milestones. We are on track to complete the design phase by this Friday. More info at https://notifications.service.com/details",priya.nair@notifications.service.com,1,legitimate
Feedback request for recent support ticket,"Hello Morgan, good news - your order #56890 has shipped and should arrive within 3-5 business days. You can track it using the link in your account.",priya.nair@notifications.service.com,0,legitimate
Your receipt from ourplatform.io,"Hi everyone, please note that our servers will undergo scheduled maintenance on Monday, June 9 from 1 AM to 3 AM. Some services may be briefly unavailable.",jordan.lee@ourplatform.io,0,legitimate
Bank Alert: Unauthorized transaction detected,Your parcel (tracking #12246) delivery failed due to an incomplete address. Confirm your details within 24 hours at http://secure-login-update.com/delivery-confirm to reschedule delivery.,account.security@secure-login-update.com,1,phishing
Confirm your identity to avoid suspension,"Dear Morgan, our system detected a login attempt from an unrecognized device on this Friday. If this wasn't you, secure your account now at http://prize-claim-center.xyz/secure-login.",account.security@prize-claim-center.xyz,1,phishing
Welcome to our platform,"Welcome aboard, Jordan! We're excited to have you join our platform. Here is a quick guide to help you get started with your new account. More info at https://ourplatform.io/details",alex.rivera@ourplatform.io,1,legitimate
Invoice for your recent purchase,"Hello Priya, good news - your order #39548 has shipped and should arrive within 3-5 business days. You can track it using the link in your account. More info at https://ourplatform.io/details",alex.rivera@ourplatform.io,1,legitimate
Final notice: Account closure in 24 hours,Your account has been locked due to suspicious activity. Please confirm your username and password at http://bank-alert-service.info/login-confirm to restore access. Case ID: 31802,billing.department@bank-alert-service.info,1,phishing
Confirm your identity to avoid suspension,Your account has been locked due to suspicious activity. Please confirm your username and password at http://billing-update-portal.co/login-confirm to restore access. Case ID: 87656,it.helpdesk@billing-update-portal.co,1,phishing
Urgent: Your account will be suspended,"URGENT: Your subscription (order #72530) has been cancelled due to a billing issue of $1,242.01. Renew immediately at http://bank-alert-service.info/renew-now to avoid losing your data.",account.security@bank-alert-service.info,1,phishing
Your receipt from ourplatform.io,"Hi Morgan, this is a friendly reminder to submit your timesheet for this week by end of day Friday so payroll can be processed on time.",priya.nair@ourplatform.io,0,legitimate
Welcome to our platform,"Hi all, here is a quick update on our Q3 milestones. We are on track to complete the design phase by next Tuesday.",billing@company.com,0,legitimate
Re: 88835 follow-up,"Hi Chris, this is a friendly reminder to submit your timesheet for this week by end of day Friday so payroll can be processed on time.",jordan.lee@ourplatform.io,0,legitimate
Your invoice #41439 could not be processed,"Congratulations! You have been selected to receive a $1,860.88 gift card. Claim your prize now by clicking here: http://bank-alert-service.info/claim-prize before it expires on request #63545.",account.security@bank-alert-service.info,1,phishing
Immediate action needed: Password expired,URGENT: Your subscription (order #50906) has been cancelled due to a billing issue of $543.13. Renew immediately at http://prize-claim-center.xyz/renew-now to avoid losing your data.,support.team@prize-claim-center.xyz,1,phishing
Re: 36287 follow-up,"Hi all, here is a quick update on our Q3 milestones. We are on track to complete the design phase by next Tuesday. More info at https://teamworkspace.com/details",team.updates@teamworkspace.com,1,legitimate
Meeting reminder for tomorrow,"Hi all, here is a quick update on our Q3 milestones. We are on track to complete the design phase by next Tuesday.",priya.nair@notifications.service.com,0,legitimate
Reminder: Submit your timesheet,"Hi all, here is a quick update on our Q3 milestones. We are on track to complete the design phase by next Tuesday.",alex.rivera@notifications.service.com,0,legitimate
Invoice for your recent purchase,"Hi everyone, please note that our servers will undergo scheduled maintenance on August 21 from 1 AM to 3 AM. Some services may be briefly unavailable.",priya.nair@ourplatform.io,0,legitimate
Your receipt from company.com,"Hi everyone, please note that our servers will undergo scheduled maintenance on this Friday from 1 AM to 3 AM. Some services may be briefly unavailable.",team.updates@company.com,0,legitimate
Weekly team standup notes,"Hi Morgan, attached is the invoice #95019 for your recent purchase of $1,438.80. Let us know if you have any questions about the charges or need a receipt. More info at https://teamworkspace.com/details",billing@teamworkspace.com,1,legitimate
Action Required: Verify your account now,"Dear Customer, we detected unusual activity on your account. Click the link below within 24 hours to verify your identity or your account will be suspended. http://billing-update-portal.co/verify-account?ref=66841",support.team@billing-update-portal.co,1,phishing
Your order has shipped,"Hi Sam, following up on 65683 - let me know if you have any other questions, happy to help.",alex.rivera@teamworkspace.com,0,legitimate
Meeting reminder for tomorrow,"Good morning team, here are the notes from this week's standup on August 21. Please review the action items and update your tickets accordingly. More info at https://notifications.service.com/details",team.updates@notifications.service.com,1,legitimate
Urgent: Your account will be suspended,We were unable to process your last payment of $133.80. Please update your billing details urgently at http://billing-update-portal.co/billing-update to avoid service interruption.,billing.department@billing-update-portal.co,1,phishing
Meeting reminder for tomorrow,"Hello Morgan, good news - your order #40833 has shipped and should arrive within 3-5 business days. You can track it using the link in your account.",support@company.com,0,legitimate
We noticed a new device sign-in,URGENT: Your subscription (order #93354) has been cancelled due to a billing issue of $54.42. Renew immediately at http://prize-claim-center.xyz/renew-now to avoid losing your data.,billing.department@prize-claim-center.xyz,1,phishing
Your order has shipped,"Hi Chris, this is a friendly reminder to submit your timesheet for this week by end of day Friday so payroll can be processed on time.",jordan.lee@notifications.service.com,0,legitimate
Immediate action needed: Password expired,"Hi Casey, invoice #96947 for $713.42 could not be processed. Update your payment method at http://verify-identity-now.top/pay-now to avoid late fees.",account.security@verify-identity-now.top,1,phishing
Urgent: Your account will be suspended,This is an automated alert from your bank. A transaction of $283.26 was flagged on the 3rd. Verify this transaction immediately at http://prize-claim-center.xyz/secure-verify or your card will be blocked.,account.security@prize-claim-center.xyz,1,phishing
Final notice: Account closure in 24 hours,Your parcel (tracking #85574) delivery failed due to an incomplete address. Confirm your details within 2 hours at http://verify-identity-now.top/delivery-confirm to reschedule delivery.,account.security@verify-identity-now.top,1,phishing
Your order has shipped,"Hello Casey, good news - your order #11204 has shipped and should arrive within 3-5 business days. You can track it using the link in your account.",support@ourplatform.io,0,legitimate
Reminder: Submit your timesheet,"Welcome aboard, Morgan! We're excited to have you join our platform. Here is a quick guide to help you get started with your new account. More info at https://teamworkspace.com/details",alex.rivera@teamworkspace.com,1,legitimate
Meeting reminder for tomorrow,"Hi team, just a reminder that we have our project sync meeting on August 21 at 10 AM in the main conference room. Please bring your status updates. More info at https://company.com/details",billing@company.com,1,legitimate
Your order has shipped,"Hi all, here is a quick update on our Q3 milestones. We are on track to complete the design phase by March 14. More info at https://company.com/details",priya.nair@company.com,1,legitimate
Your package could not be delivered,Your parcel (tracking #51853) delivery failed due to an incomplete address. Confirm your details within 6 hours at http://account-support-team.ru/delivery-confirm to reschedule delivery.,billing.department@account-support-team.ru,1,phishing
Feedback request for recent support ticket,"Hello Casey, thank you for subscribing to our newsletter. Here are this month's highlights from our blog and product updates. More info at https://company.com/details",priya.nair@company.com,1,legitimate
Reminder: Submit your timesheet,"Hi Alex, thanks for your order. Your receipt total was $1,695.59. Reach out anytime with questions.",support@teamworkspace.com,0,legitimate
Urgent: Your account will be suspended,Your password will expire in 2 hours. Click here to reset it now: http://verify-identity-now.top/reset-password and avoid losing access to your account.,account.security@verify-identity-now.top,1,phishing
Reminder: Submit your timesheet,"Welcome aboard, Sam! We're excited to have you join our platform. Here is a quick guide to help you get started with your new account.",billing@company.com,0,legitimate
Your order has shipped,"Hi Taylor, attached is the invoice #48228 for your recent purchase of $2,184.81. Let us know if you have any questions about the charges or need a receipt.",jordan.lee@company.com,0,legitimate
Feedback request for recent support ticket,"Hi all, here is a quick update on our Q3 milestones. We are on track to complete the design phase by the 3rd.",alex.rivera@teamworkspace.com,0,legitimate
Immediate action needed: Password expired,"Dear Customer, we detected unusual activity on your account. Click the link below within 24 hours to verify your identity or your account will be suspended. http://verify-identity-now.top/verify-account?ref=60678",billing.department@verify-identity-now.top,1,phishing
Your receipt from notifications.service.com,"Good morning team, here are the notes from this week's standup on this Friday. Please review the action items and update your tickets accordingly.",support@notifications.service.com,0,legitimate
Confirm your identity to avoid suspension,"We noticed a new device sign-in from an unrecognized location on August 21. If this was not you, click http://account-support-team.ru/report-unauthorized immediately.",support.team@account-support-team.ru,1,phishing
Final notice: Account closure in 24 hours,"Dear Customer, we detected unusual activity on your account. Click the link below within 48 hours to verify your identity or your account will be suspended. http://secure-login-update.com/verify-account?ref=74330",support.team@secure-login-update.com,1,phishing
Your order has shipped,"Hi team, just a reminder that we have our project sync meeting on the 3rd at 10 AM in the main conference room. Please bring your status updates.",jordan.lee@company.com,0,legitimate
Welcome to our platform,"Hi Sam, following up on 66595 - let me know if you have any other questions, happy to help. More info at https://teamworkspace.com/details",team.updates@teamworkspace.com,1,legitimate
Weekly team standup notes,"Hi all, here is a quick update on our Q3 milestones. We are on track to complete the design phase by March 14.",priya.nair@notifications.service.com,0,legitimate
Your package could not be delivered,"Dear Customer, we detected unusual activity on your account. Click the link below within 2 hours to verify your identity or your account will be suspended. http://login-secure-check.icu/verify-account?ref=55193",support.team@login-secure-check.icu,1,phishing
Your package could not be delivered,Your password will expire in 2 hours. Click here to reset it now: http://login-secure-check.icu/reset-password and avoid losing access to your account.,no-reply@login-secure-check.icu,1,phishing
Your monthly newsletter,"Hi team, just a reminder that we have our project sync meeting on March 14 at 10 AM in the main conference room. Please bring your status updates.",alex.rivera@teamworkspace.com,0,legitimate
Your monthly newsletter,"Hello Jordan, good news - your order #69582 has shipped and should arrive within 3-5 business days. You can track it using the link in your account.",priya.nair@teamworkspace.com,0,legitimate
Feedback request for recent support ticket,"Hi team, just a reminder that we have our project sync meeting on August 21 at 10 AM in the main conference room. Please bring your status updates. More info at https://notifications.service.com/details",priya.nair@notifications.service.com,1,legitimate
Project update: Q3 milestones,"Hi everyone, please note that our servers will undergo scheduled maintenance on March 14 from 1 AM to 3 AM. Some services may be briefly unavailable. More info at https://company.com/details",billing@company.com,1,legitimate
We noticed a new device sign-in,"Hi Morgan, invoice #96184 for $662.68 could not be processed. Update your payment method at http://login-secure-check.icu/pay-now to avoid late fees.",billing.department@login-secure-check.icu,1,phishing
Re: 33567 follow-up,"Hi Alex, this is a friendly reminder to submit your timesheet for this week by end of day Friday so payroll can be processed on time. More info at https://ourplatform.io/details",billing@ourplatform.io,1,legitimate
Your order has shipped,"Hello, we'd love to hear your feedback on support ticket #50340 we recently resolved. Your input helps us improve our service. More info at https://ourplatform.io/details",priya.nair@ourplatform.io,1,legitimate
Invoice for your recent purchase,"Hi all, here is a quick update on our Q3 milestones. We are on track to complete the design phase by March 14. More info at https://company.com/details",priya.nair@company.com,1,legitimate
Project update: Q3 milestones,"Hi team, just a reminder that we have our project sync meeting on Monday, June 9 at 10 AM in the main conference room. Please bring your status updates.",priya.nair@notifications.service.com,0,legitimate
Bank Alert: Unauthorized transaction detected,"Congratulations! You have been selected to receive a $1,310.02 gift card. Claim your prize now by clicking here: http://prize-claim-center.xyz/claim-prize before it expires on request #66757.",no-reply@prize-claim-center.xyz,1,phishing
Welcome to our platform,"Hello Alex, thank you for subscribing to our newsletter. Here are this month's highlights from our blog and product updates. More info at https://teamworkspace.com/details",alex.rivera@teamworkspace.com,1,legitimate
Your package could not be delivered,URGENT: Your subscription (order #44502) has been cancelled due to a billing issue of $328.93. Renew immediately at http://account-verify-now.net/renew-now to avoid losing your data.,no-reply@account-verify-now.net,1,phishing
Bank Alert: Unauthorized transaction detected,Your account has been locked due to suspicious activity. Please confirm your username and password at http://secure-login-update.com/login-confirm to restore access. Case ID: 63627,support.team@secure-login-update.com,1,phishing
Your monthly newsletter,"Hello Alex, thank you for subscribing to our newsletter. Here are this month's highlights from our blog and product updates.",billing@teamworkspace.com,0,legitimate
Weekly team standup notes,"Hi team, just a reminder that we have our project sync meeting on Monday, June 9 at 10 AM in the main conference room. Please bring your status updates.",team.updates@notifications.service.com,0,legitimate
Your invoice #35292 could not be processed,Your password will expire in 24 hours. Click here to reset it now: http://account-support-team.ru/reset-password and avoid losing access to your account.,no-reply@account-support-team.ru,1,phishing
Bank Alert: Unauthorized transaction detected,Your parcel (tracking #19661) delivery failed due to an incomplete address. Confirm your details within 2 hours at http://account-verify-now.net/delivery-confirm to reschedule delivery.,account.security@account-verify-now.net,1,phishing
Re: 69593 follow-up,"Hello, we'd love to hear your feedback on support ticket #52830 we recently resolved. Your input helps us improve our service.",support@company.com,0,legitimate
Your invoice #48165 could not be processed,"Dear Customer, we detected unusual activity on your account. Click the link below within 48 hours to verify your identity or your account will be suspended. http://prize-claim-center.xyz/verify-account?ref=31821",it.helpdesk@prize-claim-center.xyz,1,phishing
Your order has shipped,"Hi everyone, please note that our servers will undergo scheduled maintenance on Monday, June 9 from 1 AM to 3 AM. Some services may be briefly unavailable.",alex.rivera@notifications.service.com,0,legitimate
Re: 75748 follow-up,"Hi Priya, attached is the invoice #68652 for your recent purchase of $552.43. Let us know if you have any questions about the charges or need a receipt. More info at https://ourplatform.io/details",billing@ourplatform.io,1,legitimate
Your monthly newsletter,"Hi team, just a reminder that we have our project sync meeting on next Tuesday at 10 AM in the main conference room. Please bring your status updates. More info at https://ourplatform.io/details",support@ourplatform.io,1,legitimate
Re: 50653 follow-up,"Good morning team, here are the notes from this week's standup on next Tuesday. Please review the action items and update your tickets accordingly.",support@company.com,0,legitimate
Reminder: Submit your timesheet,"Hi everyone, please note that our servers will undergo scheduled maintenance on Monday, June 9 from 1 AM to 3 AM. Some services may be briefly unavailable. More info at https://ourplatform.io/details",team.updates@ourplatform.io,1,legitimate
Your payment failed - update billing info,"Congratulations! You have been selected to receive a $1,806.93 gift card. Claim your prize now by clicking here: http://prize-claim-center.xyz/claim-prize before it expires on request #50654.",account.security@prize-claim-center.xyz,1,phishing
Invoice for your recent purchase,"Hi Jordan, thanks for your order. Your receipt total was $885.23. Reach out anytime with questions.",jordan.lee@ourplatform.io,0,legitimate
Feedback request for recent support ticket,"Welcome aboard, Chris! We're excited to have you join our platform. Here is a quick guide to help you get started with your new account.",billing@notifications.service.com,0,legitimate
Re: 94448 follow-up,"Hello, we'd love to hear your feedback on support ticket #21000 we recently resolved. Your input helps us improve our service.",billing@ourplatform.io,0,legitimate
Immediate action needed: Password expired,Final Notice: Your account is scheduled for permanent closure on August 21. Verify your information within 2 hours at http://login-secure-check.icu/verify-now to prevent this.,support.team@login-secure-check.icu,1,phishing
Reminder: Submit your timesheet,"Hello Casey, thank you for subscribing to our newsletter. Here are this month's highlights from our blog and product updates.",support@company.com,0,legitimate
Action Required: Verify your account now,Your parcel (tracking #19116) delivery failed due to an incomplete address. Confirm your details within 6 hours at http://account-verify-now.net/delivery-confirm to reschedule delivery.,support.team@account-verify-now.net,1,phishing
Immediate action needed: Password expired,"Congratulations! You have been selected to receive a $1,008.59 gift card. Claim your prize now by clicking here: http://account-support-team.ru/claim-prize before it expires on request #91620.",support.team@account-support-team.ru,1,phishing
Your receipt from teamworkspace.com,"Hi everyone, please note that our servers will undergo scheduled maintenance on this Friday from 1 AM to 3 AM. Some services may be briefly unavailable. More info at https://teamworkspace.com/details",billing@teamworkspace.com,1,legitimate
Action Required: Verify your account now,Your password will expire in 6 hours. Click here to reset it now: http://verify-identity-now.top/reset-password and avoid losing access to your account.,billing.department@verify-identity-now.top,1,phishing
Weekly team standup notes,"Hi Jordan, following up on 92984 - let me know if you have any other questions, happy to help.",jordan.lee@notifications.service.com,0,legitimate
You have won a prize! Claim now,"Dear Sam, our system detected a login attempt from an unrecognized device on Monday, June 9. If this wasn't you, secure your account now at http://billing-update-portal.co/secure-login.",it.helpdesk@billing-update-portal.co,1,phishing
You have won a prize! Claim now,Final Notice: Your account is scheduled for permanent closure on this Friday. Verify your information within 2 hours at http://verify-identity-now.top/verify-now to prevent this.,billing.department@verify-identity-now.top,1,phishing
Urgent: Your account will be suspended,"Hi Alex, invoice #29192 for $269.88 could not be processed. Update your payment method at http://secure-login-update.com/pay-now to avoid late fees.",billing.department@secure-login-update.com,1,phishing
Your monthly newsletter,"Hi Morgan, this is a friendly reminder to submit your timesheet for this week by end of day Friday so payroll can be processed on time.",alex.rivera@notifications.service.com,0,legitimate
You have won a prize! Claim now,"Dear Morgan, our system detected a login attempt from an unrecognized device on next Tuesday. If this wasn't you, secure your account now at http://login-secure-check.icu/secure-login.",billing.department@login-secure-check.icu,1,phishing
Re: 90586 follow-up,"Hello Casey, good news - your order #93288 has shipped and should arrive within 3-5 business days. You can track it using the link in your account. More info at https://ourplatform.io/details",team.updates@ourplatform.io,1,legitimate
Your receipt from teamworkspace.com,"Hi Priya, thanks for your order. Your receipt total was $336.09. Reach out anytime with questions.",alex.rivera@teamworkspace.com,0,legitimate
Invoice for your recent purchase,"Hi Sam, following up on 56163 - let me know if you have any other questions, happy to help. More info at https://teamworkspace.com/details",team.updates@teamworkspace.com,1,legitimate
Action Required: Verify your account now,"URGENT: Your subscription (order #44471) has been cancelled due to a billing issue of $2,157.25. Renew immediately at http://account-verify-now.net/renew-now to avoid losing your data.",billing.department@account-verify-now.net,1,phishing
Your payment failed - update billing info,Final Notice: Your account is scheduled for permanent closure on next Tuesday. Verify your information within 6 hours at http://billing-update-portal.co/verify-now to prevent this.,billing.department@billing-update-portal.co,1,phishing
Urgent: Your account will be suspended,We were unable to process your last payment of $215.86. Please update your billing details urgently at http://verify-identity-now.top/billing-update to avoid service interruption.,account.security@verify-identity-now.top,1,phishing
Final notice: Account closure in 24 hours,This is an automated alert from your bank. A transaction of $564.64 was flagged on this Friday. Verify this transaction immediately at http://prize-claim-center.xyz/secure-verify or your card will be blocked.,support.team@prize-claim-center.xyz,1,phishing
Your monthly newsletter,"Good morning team, here are the notes from this week's standup on this Friday. Please review the action items and update your tickets accordingly.",jordan.lee@notifications.service.com,0,legitimate
Your order has shipped,"Good morning team, here are the notes from this week's standup on the 3rd. Please review the action items and update your tickets accordingly.",jordan.lee@notifications.service.com,0,legitimate
Final notice: Account closure in 24 hours,Final Notice: Your account is scheduled for permanent closure on March 14. Verify your information within 12 hours at http://login-secure-check.icu/verify-now to prevent this.,billing.department@login-secure-check.icu,1,phishing
Action Required: Verify your account now,Your parcel (tracking #99166) delivery failed due to an incomplete address. Confirm your details within 48 hours at http://login-secure-check.icu/delivery-confirm to reschedule delivery.,account.security@login-secure-check.icu,1,phishing
Re: 29473 follow-up,"Hello Priya, good news - your order #61989 has shipped and should arrive within 3-5 business days. You can track it using the link in your account.",billing@notifications.service.com,0,legitimate
Invoice for your recent purchase,"Hi everyone, please note that our servers will undergo scheduled maintenance on this Friday from 1 AM to 3 AM. Some services may be briefly unavailable.",alex.rivera@ourplatform.io,0,legitimate
We noticed a new device sign-in,"URGENT: Your subscription (order #42406) has been cancelled due to a billing issue of $1,150.98. Renew immediately at http://login-secure-check.icu/renew-now to avoid losing your data.",billing.department@login-secure-check.icu,1,phishing
Your order has shipped,"Hi Alex, thanks for your order. Your receipt total was $408.45. Reach out anytime with questions. More info at https://company.com/details",team.updates@company.com,1,legitimate
Welcome to our platform,"Welcome aboard, Chris! We're excited to have you join our platform. Here is a quick guide to help you get started with your new account.",support@teamworkspace.com,0,legitimate
Confirm your identity to avoid suspension,Your parcel (tracking #82733) delivery failed due to an incomplete address. Confirm your details within 12 hours at http://bank-alert-service.info/delivery-confirm to reschedule delivery.,billing.department@bank-alert-service.info,1,phishing
Confirm your identity to avoid suspension,Final Notice: Your account is scheduled for permanent closure on March 14. Verify your information within 48 hours at http://billing-update-portal.co/verify-now to prevent this.,account.security@billing-update-portal.co,1,phishing
Invoice for your recent purchase,"Hi all, here is a quick update on our Q3 milestones. We are on track to complete the design phase by this Friday.",team.updates@teamworkspace.com,0,legitimate
Final notice: Account closure in 24 hours,"Dear Chris, our system detected a login attempt from an unrecognized device on the 3rd. If this wasn't you, secure your account now at http://bank-alert-service.info/secure-login.",it.helpdesk@bank-alert-service.info,1,phishing
Weekly team standup notes,"Hi Priya, attached is the invoice #86282 for your recent purchase of $181.17. Let us know if you have any questions about the charges or need a receipt.",alex.rivera@notifications.service.com,0,legitimate
Confirm your identity to avoid suspension,"Dear Alex, our system detected a login attempt from an unrecognized device on this Friday. If this wasn't you, secure your account now at http://secure-login-update.com/secure-login.",it.helpdesk@secure-login-update.com,1,phishing
Immediate action needed: Password expired,Final Notice: Your account is scheduled for permanent closure on this Friday. Verify your information within 48 hours at http://billing-update-portal.co/verify-now to prevent this.,billing.department@billing-update-portal.co,1,phishing
Final notice: Account closure in 24 hours,Your password will expire in 48 hours. Click here to reset it now: http://bank-alert-service.info/reset-password and avoid losing access to your account.,support.team@bank-alert-service.info,1,phishing
Project update: Q3 milestones,"Hi Priya, this is a friendly reminder to submit your timesheet for this week by end of day Friday so payroll can be processed on time.",alex.rivera@notifications.service.com,0,legitimate
Invoice for your recent purchase,"Welcome aboard, Sam! We're excited to have you join our platform. Here is a quick guide to help you get started with your new account. More info at https://company.com/details",team.updates@company.com,1,legitimate
Upcoming maintenance window notice,"Hi team, just a reminder that we have our project sync meeting on March 14 at 10 AM in the main conference room. Please bring your status updates.",alex.rivera@notifications.service.com,0,legitimate
We noticed a new device sign-in,"Dear Jordan, our system detected a login attempt from an unrecognized device on Monday, June 9. If this wasn't you, secure your account now at http://account-verify-now.net/secure-login.",it.helpdesk@account-verify-now.net,1,phishing
We noticed a new device sign-in,"We noticed a new device sign-in from an unrecognized location on this Friday. If this was not you, click http://account-verify-now.net/report-unauthorized immediately.",account.security@account-verify-now.net,1,phishing
Invoice for your recent purchase,"Hi Jordan, thanks for your order. Your receipt total was $2,002.58. Reach out anytime with questions. More info at https://notifications.service.com/details",alex.rivera@notifications.service.com,1,legitimate
Final notice: Account closure in 24 hours,"Hi Jordan, invoice #49387 for $1,142.07 could not be processed. Update your payment method at http://verify-identity-now.top/pay-now to avoid late fees.",it.helpdesk@verify-identity-now.top,1,phishing
Final notice: Account closure in 24 hours,Your account has been locked due to suspicious activity. Please confirm your username and password at http://secure-login-update.com/login-confirm to restore access. Case ID: 61605,billing.department@secure-login-update.com,1,phishing
Your payment failed - update billing info,"Dear Priya, our system detected a login attempt from an unrecognized device on Monday, June 9. If this wasn't you, secure your account now at http://billing-update-portal.co/secure-login.",account.security@billing-update-portal.co,1,phishing
Final notice: Account closure in 24 hours,"Final Notice: Your account is scheduled for permanent closure on Monday, June 9. Verify your information within 2 hours at http://billing-update-portal.co/verify-now to prevent this.",account.security@billing-update-portal.co,1,phishing
Your invoice #90694 could not be processed,"Congratulations! You have been selected to receive a $1,831.56 gift card. Claim your prize now by clicking here: http://account-support-team.ru/claim-prize before it expires on request #38477.",billing.department@account-support-team.ru,1,phishing
Bank Alert: Unauthorized transaction detected,"Final Notice: Your account is scheduled for permanent closure on Monday, June 9. Verify your information within 24 hours at http://billing-update-portal.co/verify-now to prevent this.",account.security@billing-update-portal.co,1,phishing
Bank Alert: Unauthorized transaction detected,This is an automated alert from your bank. A transaction of $435.10 was flagged on the 3rd. Verify this transaction immediately at http://account-verify-now.net/secure-verify or your card will be blocked.,billing.department@account-verify-now.net,1,phishing
Invoice for your recent purchase,"Hi all, here is a quick update on our Q3 milestones. We are on track to complete the design phase by Monday, June 9. More info at https://company.com/details",jordan.lee@company.com,1,legitimate
Your monthly newsletter,"Hello Alex, thank you for subscribing to our newsletter. Here are this month's highlights from our blog and product updates.",priya.nair@notifications.service.com,0,legitimate
Urgent: Your account will be suspended,"Dear Morgan, our system detected a login attempt from an unrecognized device on August 21. If this wasn't you, secure your account now at http://verify-identity-now.top/secure-login.",it.helpdesk@verify-identity-now.top,1,phishing
Action Required: Verify your account now,"Congratulations! You have been selected to receive a $2,315.71 gift card. Claim your prize now by clicking here: http://account-verify-now.net/claim-prize before it expires on request #86869.",it.helpdesk@account-verify-now.net,1,phishing
Final notice: Account closure in 24 hours,"Dear Customer, we detected unusual activity on your account. Click the link below within 2 hours to verify your identity or your account will be suspended. http://secure-login-update.com/verify-account?ref=64627",it.helpdesk@secure-login-update.com,1,phishing
Feedback request for recent support ticket,"Hi Jordan, thanks for your order. Your receipt total was $1,083.25. Reach out anytime with questions. More info at https://company.com/details",billing@company.com,1,legitimate
Welcome to our platform,"Hello Jordan, good news - your order #52151 has shipped and should arrive within 3-5 business days. You can track it using the link in your account.",alex.rivera@notifications.service.com,0,legitimate
Project update: Q3 milestones,"Hello Alex, thank you for subscribing to our newsletter. Here are this month's highlights from our blog and product updates.",jordan.lee@ourplatform.io,0,legitimate
Urgent: Your account will be suspended,Final Notice: Your account is scheduled for permanent closure on this Friday. Verify your information within 12 hours at http://bank-alert-service.info/verify-now to prevent this.,billing.department@bank-alert-service.info,1,phishing
Final notice: Account closure in 24 hours,"Dear Customer, we detected unusual activity on your account. Click the link below within 12 hours to verify your identity or your account will be suspended. http://account-verify-now.net/verify-account?ref=24573",support.team@account-verify-now.net,1,phishing
Bank Alert: Unauthorized transaction detected,"URGENT: Your subscription (order #80405) has been cancelled due to a billing issue of $2,257.10. Renew immediately at http://bank-alert-service.info/renew-now to avoid losing your data.",support.team@bank-alert-service.info,1,phishing
Reminder: Submit your timesheet,"Hi Alex, thanks for your order. Your receipt total was $1,226.43. Reach out anytime with questions.",priya.nair@ourplatform.io,0,legitimate
Bank Alert: Unauthorized transaction detected,Congratulations! You have been selected to receive a $183.03 gift card. Claim your prize now by clicking here: http://bank-alert-service.info/claim-prize before it expires on request #83874.,support.team@bank-alert-service.info,1,phishing
Meeting reminder for tomorrow,"Hi Chris, this is a friendly reminder to submit your timesheet for this week by end of day Friday so payroll can be processed on time.",team.updates@ourplatform.io,0,legitimate
Upcoming maintenance window notice,"Hi team, just a reminder that we have our project sync meeting on the 3rd at 10 AM in the main conference room. Please bring your status updates.",billing@notifications.service.com,0,legitimate
Feedback request for recent support ticket,"Welcome aboard, Sam! We're excited to have you join our platform. Here is a quick guide to help you get started with your new account.",billing@company.com,0,legitimate
Weekly team standup notes,"Hi Taylor, this is a friendly reminder to submit your timesheet for this week by end of day Friday so payroll can be processed on time.",billing@ourplatform.io,0,legitimate
Immediate action needed: Password expired,URGENT: Your subscription (order #65363) has been cancelled due to a billing issue of $67.66. Renew immediately at http://account-support-team.ru/renew-now to avoid losing your data.,support.team@account-support-team.ru,1,phishing
Your invoice #56030 could not be processed,Your account has been locked due to suspicious activity. Please confirm your username and password at http://account-support-team.ru/login-confirm to restore access. Case ID: 38474,billing.department@account-support-team.ru,1,phishing
Project update: Q3 milestones,"Hi Alex, following up on 34150 - let me know if you have any other questions, happy to help.",jordan.lee@ourplatform.io,0,legitimate
Bank Alert: Unauthorized transaction detected,Your parcel (tracking #53540) delivery failed due to an incomplete address. Confirm your details within 6 hours at http://bank-alert-service.info/delivery-confirm to reschedule delivery.,account.security@bank-alert-service.info,1,phishing
Your receipt from teamworkspace.com,"Hi Taylor, following up on 64059 - let me know if you have any other questions, happy to help.",alex.rivera@teamworkspace.com,0,legitimate
You have won a prize! Claim now,Final Notice: Your account is scheduled for permanent closure on August 21. Verify your information within 48 hours at http://verify-identity-now.top/verify-now to prevent this.,no-reply@verify-identity-now.top,1,phishing
We noticed a new device sign-in,Your password will expire in 48 hours. Click here to reset it now: http://login-secure-check.icu/reset-password and avoid losing access to your account.,billing.department@login-secure-check.icu,1,phishing
Welcome to our platform,"Hi everyone, please note that our servers will undergo scheduled maintenance on next Tuesday from 1 AM to 3 AM. Some services may be briefly unavailable.",jordan.lee@notifications.service.com,0,legitimate
Weekly team standup notes,"Hi team, just a reminder that we have our project sync meeting on August 21 at 10 AM in the main conference room. Please bring your status updates. More info at https://ourplatform.io/details",priya.nair@ourplatform.io,1,legitimate
Immediate action needed: Password expired,"Hi Priya, invoice #61645 for $2,439.72 could not be processed. Update your payment method at http://login-secure-check.icu/pay-now to avoid late fees.",support.team@login-secure-check.icu,1,phishing
Your monthly newsletter,"Good morning team, here are the notes from this week's standup on next Tuesday. Please review the action items and update your tickets accordingly. More info at https://ourplatform.io/details",alex.rivera@ourplatform.io,1,legitimate
Action Required: Verify your account now,"This is an automated alert from your bank. A transaction of $1,084.22 was flagged on March 14. Verify this transaction immediately at http://verify-identity-now.top/secure-verify or your card will be blocked.",account.security@verify-identity-now.top,1,phishing
Your payment failed - update billing info,"Hi Jordan, invoice #82443 for $1,964.07 could not be processed. Update your payment method at http://account-verify-now.net/pay-now to avoid late fees.",account.security@account-verify-now.net,1,phishing
Reminder: Submit your timesheet,"Welcome aboard, Priya! We're excited to have you join our platform. Here is a quick guide to help you get started with your new account. More info at https://notifications.service.com/details",alex.rivera@notifications.service.com,1,legitimate
Your order has shipped,"Hello Alex, good news - your order #94730 has shipped and should arrive within 3-5 business days. You can track it using the link in your account.",support@ourplatform.io,0,legitimate
Security Alert: Unusual login detected,Your parcel (tracking #12187) delivery failed due to an incomplete address. Confirm your details within 2 hours at http://login-secure-check.icu/delivery-confirm to reschedule delivery.,account.security@login-secure-check.icu,1,phishing
You have won a prize! Claim now,Your password will expire in 6 hours. Click here to reset it now: http://bank-alert-service.info/reset-password and avoid losing access to your account.,support.team@bank-alert-service.info,1,phishing
You have won a prize! Claim now,We were unable to process your last payment of $222.85. Please update your billing details urgently at http://billing-update-portal.co/billing-update to avoid service interruption.,account.security@billing-update-portal.co,1,phishing
Your package could not be delivered,"URGENT: Your subscription (order #96182) has been cancelled due to a billing issue of $2,474.77. Renew immediately at http://bank-alert-service.info/renew-now to avoid losing your data.",it.helpdesk@bank-alert-service.info,1,phishing
Your monthly newsletter,"Hi Taylor, thanks for your order. Your receipt total was $70.97. Reach out anytime with questions.",priya.nair@ourplatform.io,0,legitimate
Invoice for your recent purchase,"Good morning team, here are the notes from this week's standup on Monday, June 9. Please review the action items and update your tickets accordingly. More info at https://company.com/details",jordan.lee@company.com,1,legitimate
You have won a prize! Claim now,"URGENT: Your subscription (order #70513) has been cancelled due to a billing issue of $1,169.99. Renew immediately at http://prize-claim-center.xyz/renew-now to avoid losing your data.",support.team@prize-claim-center.xyz,1,phishing
Re: 63580 follow-up,"Hi everyone, please note that our servers will undergo scheduled maintenance on August 21 from 1 AM to 3 AM. Some services may be briefly unavailable.",priya.nair@company.com,0,legitimate
Action Required: Verify your account now,Your account has been locked due to suspicious activity. Please confirm your username and password at http://login-secure-check.icu/login-confirm to restore access. Case ID: 10611,account.security@login-secure-check.icu,1,phishing
Immediate action needed: Password expired,"This is an automated alert from your bank. A transaction of $1,432.57 was flagged on the 3rd. Verify this transaction immediately at http://prize-claim-center.xyz/secure-verify or your card will be blocked.",account.security@prize-claim-center.xyz,1,phishing
Your package could not be delivered,Your parcel (tracking #84289) delivery failed due to an incomplete address. Confirm your details within 2 hours at http://verify-identity-now.top/delivery-confirm to reschedule delivery.,no-reply@verify-identity-now.top,1,phishing
Security Alert: Unusual login detected,"Dear Customer, we detected unusual activity on your account. Click the link below within 24 hours to verify your identity or your account will be suspended. http://prize-claim-center.xyz/verify-account?ref=17992",support.team@prize-claim-center.xyz,1,phishing
Reminder: Submit your timesheet,"Hi team, just a reminder that we have our project sync meeting on this Friday at 10 AM in the main conference room. Please bring your status updates.",jordan.lee@teamworkspace.com,0,legitimate
Weekly team standup notes,"Hello, we'd love to hear your feedback on support ticket #42933 we recently resolved. Your input helps us improve our service.",team.updates@teamworkspace.com,0,legitimate
Your package could not be delivered,"Dear Sam, our system detected a login attempt from an unrecognized device on Monday, June 9. If this wasn't you, secure your account now at http://verify-identity-now.top/secure-login.",no-reply@verify-identity-now.top,1,phishing
You have won a prize! Claim now,Your account has been locked due to suspicious activity. Please confirm your username and password at http://account-verify-now.net/login-confirm to restore access. Case ID: 22051,billing.department@account-verify-now.net,1,phishing
Bank Alert: Unauthorized transaction detected,"We noticed a new device sign-in from an unrecognized location on March 14. If this was not you, click http://bank-alert-service.info/report-unauthorized immediately.",no-reply@bank-alert-service.info,1,phishing
Action Required: Verify your account now,"We noticed a new device sign-in from an unrecognized location on Monday, June 9. If this was not you, click http://bank-alert-service.info/report-unauthorized immediately.",no-reply@bank-alert-service.info,1,phishing
Urgent: Your account will be suspended,"Dear Customer, we detected unusual activity on your account. Click the link below within 6 hours to verify your identity or your account will be suspended. http://billing-update-portal.co/verify-account?ref=35362",support.team@billing-update-portal.co,1,phishing
Your payment failed - update billing info,Final Notice: Your account is scheduled for permanent closure on next Tuesday. Verify your information within 2 hours at http://account-verify-now.net/verify-now to prevent this.,it.helpdesk@account-verify-now.net,1,phishing
Urgent: Your account will be suspended,Your password will expire in 2 hours. Click here to reset it now: http://billing-update-portal.co/reset-password and avoid losing access to your account.,billing.department@billing-update-portal.co,1,phishing
Urgent: Your account will be suspended,Your parcel (tracking #95403) delivery failed due to an incomplete address. Confirm your details within 12 hours at http://prize-claim-center.xyz/delivery-confirm to reschedule delivery.,no-reply@prize-claim-center.xyz,1,phishing
Project update: Q3 milestones,"Hi team, just a reminder that we have our project sync meeting on the 3rd at 10 AM in the main conference room. Please bring your status updates.",support@teamworkspace.com,0,legitimate
Reminder: Submit your timesheet,"Hi all, here is a quick update on our Q3 milestones. We are on track to complete the design phase by next Tuesday. More info at https://notifications.service.com/details",team.updates@notifications.service.com,1,legitimate
Confirm your identity to avoid suspension,"Dear Customer, we detected unusual activity on your account. Click the link below within 2 hours to verify your identity or your account will be suspended. http://account-verify-now.net/verify-account?ref=75382",no-reply@account-verify-now.net,1,phishing
Re: 21486 follow-up,"Welcome aboard, Jordan! We're excited to have you join our platform. Here is a quick guide to help you get started with your new account.",support@teamworkspace.com,0,legitimate
Re: 98877 follow-up,"Hello, we'd love to hear your feedback on support ticket #14833 we recently resolved. Your input helps us improve our service. More info at https://notifications.service.com/details",billing@notifications.service.com,1,legitimate
Immediate action needed: Password expired,Your account has been locked due to suspicious activity. Please confirm your username and password at http://billing-update-portal.co/login-confirm to restore access. Case ID: 44465,no-reply@billing-update-portal.co,1,phishing
Your order has shipped,"Hello, we'd love to hear your feedback on support ticket #56219 we recently resolved. Your input helps us improve our service. More info at https://teamworkspace.com/details",billing@teamworkspace.com,1,legitimate
Re: 99249 follow-up,"Hi Alex, attached is the invoice #49799 for your recent purchase of $2,009.36. Let us know if you have any questions about the charges or need a receipt.",jordan.lee@notifications.service.com,0,legitimate
Urgent: Your account will be suspended,"We noticed a new device sign-in from an unrecognized location on August 21. If this was not you, click http://secure-login-update.com/report-unauthorized immediately.",support.team@secure-login-update.com,1,phishing
Your invoice #95498 could not be processed,"Dear Customer, we detected unusual activity on your account. Click the link below within 2 hours to verify your identity or your account will be suspended. http://account-verify-now.net/verify-account?ref=32946",support.team@account-verify-now.net,1,phishing
Final notice: Account closure in 24 hours,Your parcel (tracking #52030) delivery failed due to an incomplete address. Confirm your details within 6 hours at http://verify-identity-now.top/delivery-confirm to reschedule delivery.,support.team@verify-identity-now.top,1,phishing
Final notice: Account closure in 24 hours,URGENT: Your subscription (order #95854) has been cancelled due to a billing issue of $16.20. Renew immediately at http://prize-claim-center.xyz/renew-now to avoid losing your data.,billing.department@prize-claim-center.xyz,1,phishing
We noticed a new device sign-in,"Dear Customer, we detected unusual activity on your account. Click the link below within 2 hours to verify your identity or your account will be suspended. http://login-secure-check.icu/verify-account?ref=25408",account.security@login-secure-check.icu,1,phishing
Urgent: Your account will be suspended,"Dear Alex, our system detected a login attempt from an unrecognized device on August 21. If this wasn't you, secure your account now at http://account-verify-now.net/secure-login.",billing.department@account-verify-now.net,1,phishing
Security Alert: Unusual login detected,"We noticed a new device sign-in from an unrecognized location on Monday, June 9. If this was not you, click http://account-verify-now.net/report-unauthorized immediately.",it.helpdesk@account-verify-now.net,1,phishing
Reminder: Submit your timesheet,"Welcome aboard, Casey! We're excited to have you join our platform. Here is a quick guide to help you get started with your new account.",billing@notifications.service.com,0,legitimate
Feedback request for recent support ticket,"Good morning team, here are the notes from this week's standup on this Friday. Please review the action items and update your tickets accordingly. More info at https://ourplatform.io/details",jordan.lee@ourplatform.io,1,legitimate
Your order has shipped,"Hello Jordan, thank you for subscribing to our newsletter. Here are this month's highlights from our blog and product updates.",billing@teamworkspace.com,0,legitimate
Your monthly newsletter,"Hi Taylor, following up on 23225 - let me know if you have any other questions, happy to help.",alex.rivera@notifications.service.com,0,legitimate
Meeting reminder for tomorrow,"Welcome aboard, Morgan! We're excited to have you join our platform. Here is a quick guide to help you get started with your new account.",billing@company.com,0,legitimate
Upcoming maintenance window notice,"Hi Jordan, thanks for your order. Your receipt total was $1,739.61. Reach out anytime with questions. More info at https://company.com/details",alex.rivera@company.com,1,legitimate
Confirm your identity to avoid suspension,"We noticed a new device sign-in from an unrecognized location on the 3rd. If this was not you, click http://prize-claim-center.xyz/report-unauthorized immediately.",billing.department@prize-claim-center.xyz,1,phishing
Your invoice #47313 could not be processed,We were unable to process your last payment of $574.37. Please update your billing details urgently at http://billing-update-portal.co/billing-update to avoid service interruption.,no-reply@billing-update-portal.co,1,phishing
Welcome to our platform,"Good morning team, here are the notes from this week's standup on March 14. Please review the action items and update your tickets accordingly.",priya.nair@company.com,0,legitimate
Action Required: Verify your account now,"This is an automated alert from your bank. A transaction of $540.85 was flagged on Monday, June 9. Verify this transaction immediately at http://account-verify-now.net/secure-verify or your card will be blocked.",no-reply@account-verify-now.net,1,phishing
Security Alert: Unusual login detected,"We noticed a new device sign-in from an unrecognized location on the 3rd. If this was not you, click http://secure-login-update.com/report-unauthorized immediately.",it.helpdesk@secure-login-update.com,1,phishing
Your payment failed - update billing info,"We were unable to process your last payment of $2,324.97. Please update your billing details urgently at http://bank-alert-service.info/billing-update to avoid service interruption.",billing.department@bank-alert-service.info,1,phishing
Final notice: Account closure in 24 hours,"We noticed a new device sign-in from an unrecognized location on March 14. If this was not you, click http://prize-claim-center.xyz/report-unauthorized immediately.",no-reply@prize-claim-center.xyz,1,phishing
Your monthly newsletter,"Hello Chris, good news - your order #31605 has shipped and should arrive within 3-5 business days. You can track it using the link in your account. More info at https://company.com/details",billing@company.com,1,legitimate
Upcoming maintenance window notice,"Hello, we'd love to hear your feedback on support ticket #27047 we recently resolved. Your input helps us improve our service.",jordan.lee@teamworkspace.com,0,legitimate
Project update: Q3 milestones,"Good morning team, here are the notes from this week's standup on next Tuesday. Please review the action items and update your tickets accordingly.",jordan.lee@ourplatform.io,0,legitimate
Bank Alert: Unauthorized transaction detected,Your account has been locked due to suspicious activity. Please confirm your username and password at http://login-secure-check.icu/login-confirm to restore access. Case ID: 29127,billing.department@login-secure-check.icu,1,phishing
Your order has shipped,"Hi all, here is a quick update on our Q3 milestones. We are on track to complete the design phase by this Friday. More info at https://company.com/details",team.updates@company.com,1,legitimate
Your payment failed - update billing info,"We were unable to process your last payment of $2,088.13. Please update your billing details urgently at http://prize-claim-center.xyz/billing-update to avoid service interruption.",billing.department@prize-claim-center.xyz,1,phishing
Confirm your identity to avoid suspension,Final Notice: Your account is scheduled for permanent closure on August 21. Verify your information within 2 hours at http://secure-login-update.com/verify-now to prevent this.,no-reply@secure-login-update.com,1,phishing
Your receipt from ourplatform.io,"Hi Alex, following up on 67788 - let me know if you have any other questions, happy to help.",priya.nair@ourplatform.io,0,legitimate
Re: 97194 follow-up,"Hi all, here is a quick update on our Q3 milestones. We are on track to complete the design phase by August 21. More info at https://notifications.service.com/details",alex.rivera@notifications.service.com,1,legitimate
Welcome to our platform,"Hello Morgan, thank you for subscribing to our newsletter. Here are this month's highlights from our blog and product updates.",jordan.lee@notifications.service.com,0,legitimate
Your package could not be delivered,"Hi Priya, invoice #24141 for $93.37 could not be processed. Update your payment method at http://secure-login-update.com/pay-now to avoid late fees.",no-reply@secure-login-update.com,1,phishing
Project update: Q3 milestones,"Hi all, here is a quick update on our Q3 milestones. We are on track to complete the design phase by August 21.",support@teamworkspace.com,0,legitimate
Your order has shipped,"Hi all, here is a quick update on our Q3 milestones. We are on track to complete the design phase by the 3rd.",alex.rivera@ourplatform.io,0,legitimate
Confirm your identity to avoid suspension,Final Notice: Your account is scheduled for permanent closure on the 3rd. Verify your information within 6 hours at http://login-secure-check.icu/verify-now to prevent this.,no-reply@login-secure-check.icu,1,phishing
Confirm your identity to avoid suspension,"This is an automated alert from your bank. A transaction of $2,231.07 was flagged on this Friday. Verify this transaction immediately at http://secure-login-update.com/secure-verify or your card will be blocked.",billing.department@secure-login-update.com,1,phishing
Your invoice #72781 could not be processed,"Dear Customer, we detected unusual activity on your account. Click the link below within 48 hours to verify your identity or your account will be suspended. http://secure-login-update.com/verify-account?ref=19632",support.team@secure-login-update.com,1,phishing
Reminder: Submit your timesheet,"Hi Sam, following up on 87376 - let me know if you have any other questions, happy to help.",billing@company.com,0,legitimate
Your receipt from notifications.service.com,"Hi Jordan, following up on 14951 - let me know if you have any other questions, happy to help.",billing@notifications.service.com,0,legitimate
Project update: Q3 milestones,"Welcome aboard, Morgan! We're excited to have you join our platform. Here is a quick guide to help you get started with your new account.",priya.nair@ourplatform.io,0,legitimate
Re: 56131 follow-up,"Hello, we'd love to hear your feedback on support ticket #66554 we recently resolved. Your input helps us improve our service.",alex.rivera@notifications.service.com,0,legitimate
Action Required: Verify your account now,"This is an automated alert from your bank. A transaction of $1,547.50 was flagged on the 3rd. Verify this transaction immediately at http://prize-claim-center.xyz/secure-verify or your card will be blocked.",billing.department@prize-claim-center.xyz,1,phishing
